item,value
substrate_version,A-prime-2026-09-05
transcriptome,baseline_mrna_ccle_anchored.parquet
transcriptome_sha256,a8a66edffedc50ca1cd29e354381a8e7087f7d7ee38eaa4f4f2584dd3329af71
transcriptome_source,"CCLE, gene whitelist 15,961"
n_samples_transcriptome,1406
panel_pairs,3141680
panel_samples,986
panel_drugs,54180
excluded_projects,Tavor
duplicate_rule,already_unique
scale_rule,single_resource
checkpoint_rule,argmin validation MSE_raw
sample_list_sha256,b0c19063ac6cbe5262527c6f6aeb37b9a703eae7003098a924b0c173ecd3d745
drug_list_sha256,134d1ab228a9e7860c9a243ad5237f9c5d20f55352161d8032ab20aaeebd4f04
generator_sha256,e834c7da943d6bd8ab751a3e520c248a86c8ceb0ebd88d67e54f3ad3e9cda796
manifest_LCLO_seed3407_train_sha256,b19841e6c057aa862ffb7bc0c24d4fff75e08d2020dd02f2478d47f277ad3618
manifest_LCLO_seed3407_val_sha256,b8a5e9c1c35e7682e0e93a4bea5839debcea5df3783c89a167ce7089a1843e08
manifest_LCLO_seed3407_test_sha256,39a2a0f83e1dae2c77493e2bf297a268c79bd5d9f4ffc6b5b25777406a28596e
manifest_LCLO_seed3408_train_sha256,e84ea723bd8d20534d1636b7336874ec2a943e15c4c86571fbc357d1ed9f85a8
manifest_LCLO_seed3408_val_sha256,34499a5fedd2e69f439d693ec9caa2b09d4ac1ae34df713d7428da9948762a92
manifest_LCLO_seed3408_test_sha256,53b5e4fef7fe504adc16e6a73c843a901a599f6673bb43e387a771596f7ce938
manifest_LCLO_seed3409_train_sha256,180b5b3ba7e2c6684f19ac3fef44c24bef9c7ed050dc5183672cdcaf9bf831df
manifest_LCLO_seed3409_val_sha256,213274aa3c635a226274520295505358bd531a7e9d0c652066d57b5e3288925e
manifest_LCLO_seed3409_test_sha256,8f4c88a50526b6a1cc7eada08ff1052036e1fa0d55816174d2cf726eca4d227b
manifest_LCLO_seed3410_train_sha256,67d65aa41298627da3df32d1bcffa0c7cecd61dc918ea947b42ba474730f8ff2
manifest_LCLO_seed3410_val_sha256,558403704c9462f2c16153192119f6e8d2c135bf01b68bb59f997a6a7fc251ae
manifest_LCLO_seed3410_test_sha256,f95abb995cb2716860a3bb94e83163045efd80a48aab77a868b67ef230648fc9
manifest_LCLO_seed3411_train_sha256,435e46c2f7d7fc10ce864f081bc79090f50daaef2fad668857862c1c7c5a2dae
manifest_LCLO_seed3411_val_sha256,12e4d93c0fe7b8950bd6408e29edaec91c1046acccddf3c69b472f9b0f88b654
manifest_LCLO_seed3411_test_sha256,7c5707d7f955e75be883ebde39700f2ce8d11b1a61a4f195149657bbe61a8b07
manifest_LSO_seed3407_train_sha256,e2c17eb5777bdc4a15517c2996782e2bd3a0b30c9ef2b7a31021c6dc9bd8d954
manifest_LSO_seed3407_val_sha256,0668a3e55ecf419e98becdd923d00210b6bcc52aff3c52ef5fd7efa0f761965c
manifest_LSO_seed3407_test_sha256,cbfb3c7fd21447a4ddcb40939efa6e7a4e790a94e73783d18343b8b8b8549359
manifest_LSO_seed3408_train_sha256,bb6c5dd69fd1839d55455ba61c23ba96afab4a7299b90aa24f78c022aff38906
manifest_LSO_seed3408_val_sha256,cd0cc3e8ecfcd87c39dc3e8a828195f59688113d5000bc95958d35f591cb1da1
manifest_LSO_seed3408_test_sha256,4afa34f87468ebfa53d385f4aea76ad5533b9a4f5129c2353bc01ad56356a021
manifest_LSO_seed3409_train_sha256,2b1edc4f1b7663fea8fd199d013355e402e5c5b3a5a7cee344d9e82fadfbdade
manifest_LSO_seed3409_val_sha256,439c9bf8ba536fed98618cc36108ef0c8ed6b6ed4a2adb4cd78f1df9de68e675
manifest_LSO_seed3409_test_sha256,7374814718175b1060661660a21de23ad48762981031938576b313775220c6de
manifest_LSO_seed3410_train_sha256,3549f3aecc962018389ae997c21725bc01abccc5c1882dd851e4291c93f5c815
manifest_LSO_seed3410_val_sha256,f2ecf5e1bd10c599157b82f145703eb6951879a281b2662b6c350e15b1d1702a
manifest_LSO_seed3410_test_sha256,ebb31f47dfaa86ba3ac90e63d65c7bc2eb34a579d85b42dd592748ac0acc8663
manifest_LSO_seed3411_train_sha256,ea84efa7693cfcbcfbabc2d77c5d972a10d922d0ff02b9112dffd098993a82f2
manifest_LSO_seed3411_val_sha256,2f0b42b98350dd4428135c21ef90364ca1174adf3ab9ae6c55d830b3ba7ea81f
manifest_LSO_seed3411_test_sha256,dc88d3a25f168bb67f0337a6b9ba5c3fff3b48fd52fecc4fe87aecbd1f541950
response_rows_NCI60,2175581
response_rows_Prism,504493
response_rows_CTRP2,269725
response_rows_GDSC1,125914
response_rows_GDSC2,44797
response_rows_CTRP1,39784
response_rows_CCLE,10730
response_rows_GRAY,1888
response_rows_gCSI,1646
response_rows_FIMM,890
response_rows_UHNBreast,54
