panel,kind,n_pairs,n_drugs,n_samples,components,rank_H,d_H_over_N,var_y,var_shared,var_interaction,share_shared_pct,share_interaction_pct,share_drug_alone_pct,share_sample_alone_pct,share_drug_unique_pct,share_sample_unique_pct,share_drug_sample_overlap_pct,additivity_gap_frac,corr_shared_interaction
full_panel,all,3141680,54180,986,1,55165,0.017559076672353645,0.022395761869404316,0.01698620955587264,0.005409552313009349,75.84564282708388,24.154357170583868,72.64851463933243,4.165668352241658,71.67997447484223,3.1971281877514413,0.968540164490217,2.3322503680046026e-11,2.7244984561469255e-11
LCLO_seed3407_test,LCLO,557484,54176,148,1,54323,0.0974431553192558,0.022801440400593235,0.017867089686970605,0.004934350713882966,78.3594780551923,21.640521945949462,76.01959279411685,3.7377319773828077,74.62174607780948,2.339885261075436,1.3978467163073716,-1.1417525340426831e-11,-1.386354779503219e-11
LCLO_seed3408_test,LCLO,474279,54176,148,1,54323,0.1145380672557714,0.022128452093762886,0.01686707962920831,0.005261372464238842,76.22349524376564,23.776504754807547,71.76081881661794,4.91799469474511,71.30550054902052,4.462676427147693,0.45531826759741545,1.4268216731914076e-11,1.675743142006837e-11
LCLO_seed3409_test,LCLO,486991,54172,148,1,54319,0.11154004899474529,0.022188698131321485,0.01712080852918287,0.005067889601541576,77.16004079128554,22.839959206023728,74.70119722869822,3.354834440732546,73.805206350553,2.4588435625873206,0.8959908781452253,2.6907382091252958e-11,3.2047294909577544e-11
LCLO_seed3410_test,LCLO,570863,54175,148,1,54322,0.09515768231607233,0.020878534043591215,0.01602647913676295,0.0048520549072838945,76.76055753388668,23.239442468295614,72.90304328620078,4.52407554215728,72.23648199172939,3.8575142476858892,0.6665612944713906,-2.182294942481045e-11,-2.583396796102341e-11
LCLO_seed3411_test,LCLO,530351,54175,148,1,54322,0.10242650621946597,0.022297572424063737,0.01715384393443023,0.005143728490136797,76.93144172016524,23.068558282091907,74.14772228927256,3.5292686559096342,73.4021730642556,2.7837194308926727,0.7455492250169615,-2.2571481817896503e-11,-2.679021561924513e-11
LSO_seed3407_test,LSO,468871,8127,986,1,9112,0.01943391679161219,0.020887084005194644,0.01561992280532632,0.0052671611994889464,74.78268771955733,25.217312278626338,71.59154511789329,4.054017246462561,70.72867047309478,3.191142601664043,0.8628746447985169,1.8163279880025858e-11,2.0912177332275824e-11
LSO_seed3408_test,LSO,466230,8127,984,1,9110,0.019539712159234713,0.023133711418613954,0.017542858991718837,0.005590852426490294,75.83244501616555,24.16755498208453,72.85045200034328,4.014242377340094,71.81820263882545,2.9819930158222707,1.032249361517823,1.7499261976781604e-11,2.0438395670036126e-11
LSO_seed3409_test,LSO,459058,8127,984,1,9110,0.019844986907972414,0.022647275054111154,0.01719619775273573,0.005451077301882618,75.93053783136753,24.069462170872015,72.55611237320532,4.373294988107301,71.55724284326023,3.3744254581622113,0.99886952994509,-2.2395408685914992e-11,-2.6193206155733302e-11
LSO_seed3410_test,LSO,475001,8127,986,1,9112,0.019183117509226296,0.022258361061099304,0.016877291300903853,0.005381069760388709,75.82450142926342,24.175498571604837,72.51207681295368,4.185253233663633,71.63924819559978,3.312424616309728,0.8728286173539046,-8.682517236295e-12,-1.0139278413442356e-11
LSO_seed3411_test,LSO,474086,8127,984,1,9110,0.01921592284944082,0.02143886193134434,0.016329357972468726,0.005109503958770784,76.16709331289015,23.83290668662088,72.98104898664992,3.712365567595022,72.45472774529513,3.186044326240234,0.526321241354788,4.88964725027114e-12,5.737623313978474e-12
