side,representation,split,seed,decoder,rule,full_panel_coverage,n_params,best_epoch,n,rawPCC,sharedPCC,intPCC,A_int,A_shared,MSE_raw,E_shared,E_interaction,anchor
drug,ChemBERTa2,LCLO,3407,nonlinear_dual_tower,frozen_valMSE,True,18649089,27,557484,0.8335886705787444,0.9322057407670936,0.26163308287371273,0.31193627207491176,0.889385359806568,0.007183510358460082,0.0025744392443148557,0.00460907111456895,False
drug,ChemBERTa2,LCLO,3408,nonlinear_dual_tower,frozen_valMSE,True,18649089,26,474279,0.8165228139452899,0.9194411589714593,0.3083540378480893,0.33782545289722116,0.9061914295193755,0.00742668055289703,0.002661001184161557,0.0047656793690429786,False
drug,ChemBERTa2,LCLO,3409,nonlinear_dual_tower,frozen_valMSE,True,18649089,30,486991,0.8133381023739743,0.9221518269879391,0.19533210576694093,0.3338320759045785,0.9671026958653447,0.007614751340521133,0.002643011716212983,0.004971739624480627,False
drug,Chemprop,LCLO,3407,nonlinear_dual_tower,frozen_valMSE,True,18606081,25,557484,0.4886455268822875,0.5512731108155694,0.11589676614021995,0.23034838001520722,0.5758523908888833,0.017430547671827973,0.012497839546827072,0.004932708125358383,False
drug,Chemprop,LCLO,3408,nonlinear_dual_tower,frozen_valMSE,True,18606081,26,474279,0.5250386538246812,0.6063752379882648,0.11875346711411658,0.30626970227817485,0.6011740449306993,0.016368713637714454,0.010996536919758257,0.005372176718412519,False
drug,Chemprop,LCLO,3409,nonlinear_dual_tower,frozen_valMSE,True,18606081,27,486991,0.5243089119924295,0.6022386578884644,0.11902726219927583,0.3164446453498421,0.6032039895075741,0.016253984919537966,0.011060380569401888,0.005193604350213024,False
drug,GeminiMol,LCLO,3407,nonlinear_dual_tower,frozen_valMSE,False,19501057,30,513771,0.8390413669990092,0.9400553829824109,0.2885700751954567,0.3115561835540033,0.8731070308504256,0.006907620885716692,0.00235715629317206,0.004550464592897962,False
drug,GeminiMol,LCLO,3408,nonlinear_dual_tower,frozen_valMSE,False,19501057,29,437610,0.8200848734341267,0.926025061535377,0.32580544924902416,0.3572261493899107,0.8760065524431604,0.007272473270957172,0.0025257509567766876,0.004746722314568256,False
drug,GeminiMol,LCLO,3409,nonlinear_dual_tower,frozen_valMSE,False,19501057,25,449214,0.8235142033141829,0.9343565849753753,0.23328605497279947,0.3013394035314664,0.950529596509799,0.006976501147712043,0.0021041611792921786,0.004872339968589649,False
drug,InfoAlign,LCLO,3407,nonlinear_dual_tower,frozen_valMSE,True,18606081,28,557484,0.7671129681612915,0.8675121816922539,0.1583071765246203,0.35049052099459793,0.900654531333568,0.009443253767102696,0.004450316146801399,0.004992937620568288,False
drug,InfoAlign,LCLO,3408,nonlinear_dual_tower,frozen_valMSE,True,18606081,27,474279,0.7730677533179446,0.873789743017051,0.298904613101434,0.4088969557205965,0.7791346159663468,0.00969940744856423,0.0048444531326917355,0.004854954316253523,False
drug,InfoAlign,LCLO,3409,nonlinear_dual_tower,frozen_valMSE,True,18606081,20,486991,0.7315134940304449,0.8446944379495498,0.09052547223580892,0.39701467477287794,0.8975695157271449,0.010495666137834002,0.00499325177906824,0.005502414359004275,False
drug,KPGT,LCLO,3407,nonlinear_dual_tower,frozen_valMSE,True,19632129,27,557484,0.7871000481439306,0.8860637614108711,0.186870746498278,0.30466997319424355,0.8673138703662618,0.008676425761176908,0.0038459136125692473,0.004830512148214109,False
drug,KPGT,LCLO,3408,nonlinear_dual_tower,frozen_valMSE,True,19632129,29,474279,0.7574191752913002,0.8495675878936243,0.31464156739714877,0.31010756222182967,0.8206131004717343,0.009504417044442338,0.004763808696513821,0.004740608348505946,False
drug,KPGT,LCLO,3409,nonlinear_dual_tower,frozen_valMSE,True,19632129,25,486991,0.7620236573384822,0.8601189191219722,0.20777744247814844,0.24356826669956805,0.9716111245596201,0.009546222613404595,0.004690629353149039,0.004855593260854417,False
drug,MolCLR,LCLO,3407,nonlinear_dual_tower,frozen_valMSE,True,18714625,28,557484,0.7556333814722596,0.8431466031733406,0.25507818827444834,0.21123342431132605,0.6313698134754582,0.010951623824219986,0.006328840442789137,0.0046227833811342735,False
drug,MolCLR,LCLO,3408,nonlinear_dual_tower,frozen_valMSE,True,18714625,25,474279,0.7405595281026676,0.8314866668062255,0.30057456587234604,0.24437559362052316,0.6478398896557519,0.010920990600119081,0.006118340076451528,0.004802650523969592,False
drug,MolCLR,LCLO,3409,nonlinear_dual_tower,frozen_valMSE,True,18714625,24,486991,0.7289616718260272,0.8280750941836246,0.1571605979063757,0.23636349688996858,0.6983040881666172,0.010778379126873955,0.005803872254916575,0.00497450687205404,False
drug,MolT5,LCLO,3407,nonlinear_dual_tower,frozen_valMSE,True,18845697,30,557484,0.8403168685614119,0.941976762620793,0.23953256834236256,0.32079003312201343,0.9255576590492641,0.006801023983275082,0.002117205432192045,0.004683818551486209,False
drug,MolT5,LCLO,3408,nonlinear_dual_tower,frozen_valMSE,True,18845697,24,474279,0.8301268377806102,0.9326292685341094,0.3319996408537753,0.30025278198878985,0.8958824250070128,0.006982775536736434,0.0022960285937084633,0.004686746943323051,False
drug,MolT5,LCLO,3409,nonlinear_dual_tower,frozen_valMSE,True,18845697,28,486991,0.8160750320231392,0.9282174623899685,0.1759498407468817,0.3498333151783385,0.9557862826315182,0.007493736737568775,0.0024295106316711773,0.0050642261063574045,False
drug,Mole_BERT,LCLO,3407,nonlinear_dual_tower,frozen_valMSE,True,18606081,26,557484,0.8353640007292549,0.9328132934094946,0.2741293760419088,0.28676105821283465,0.8635132016575667,0.00708961883487488,0.002525282032046749,0.004564336803160449,False
drug,Mole_BERT,LCLO,3408,nonlinear_dual_tower,frozen_valMSE,True,18606081,30,474279,0.8211551892685477,0.9247455847874377,0.3139319309860646,0.3919116019287908,0.955498464084002,0.0073863657076544634,0.0026115251313491546,0.004774840576741327,False
drug,Mole_BERT,LCLO,3409,nonlinear_dual_tower,frozen_valMSE,True,18606081,27,486991,0.8238261939466399,0.9301745018867505,0.2351186494511975,0.33616136009711534,0.9809542884483458,0.007191555505250116,0.002352081515995013,0.004839473989405383,False
drug,Ouroboros,LCLO,3407,nonlinear_dual_tower,frozen_valMSE,True,19501057,28,557484,0.6990386730376019,0.784660241272039,0.1769594571437959,0.22199078318398788,0.7603733671664676,0.011667793443357295,0.006877954216472183,0.004789839227570699,False
drug,Ouroboros,LCLO,3408,nonlinear_dual_tower,frozen_valMSE,True,19501057,26,474279,0.6681564583836594,0.7576122282419296,0.19681901578560673,0.2063506979689653,0.6745205015723506,0.012444533373237159,0.007386496497747644,0.005058036876018728,False
drug,Ouroboros,LCLO,3409,nonlinear_dual_tower,frozen_valMSE,True,19501057,27,486991,0.6664461789776158,0.7563024930053976,0.13721870129821262,0.2377573402442127,0.8200628087011719,0.012465046843444986,0.007441354074673103,0.005023692769120783,False
drug,UniMolV2,LCLO,3407,nonlinear_dual_tower,frozen_valMSE,False,18976769,30,556030,0.7836397674214003,0.8776482863993768,0.22885018606717278,0.28359836763036395,0.8208777999006042,0.008990364637019022,0.004316597337133309,0.0046737673004225025,False
drug,UniMolV2,LCLO,3408,nonlinear_dual_tower,frozen_valMSE,False,18976769,29,473006,0.7270204068902464,0.8210562416102598,0.25753051132725724,0.310491668227725,0.7612279189556176,0.010839335684285278,0.005931684654573917,0.004907651030121817,False
drug,UniMolV2,LCLO,3409,nonlinear_dual_tower,frozen_valMSE,False,18976769,28,485705,0.7601110635492819,0.8602226737017338,0.1876604591901544,0.23307523490674853,0.7342393849073845,0.009860276991183378,0.00498022839702364,0.004880048594129502,False
drug,UniMol,LCLO,3407,nonlinear_dual_tower,frozen_valMSE,True,18714625,25,557484,0.7893850354364549,0.8832169920636997,0.23427085467952616,0.23586094832397703,0.865487328220699,0.008660159567111952,0.003996607525690849,0.004663552041952725,False
drug,UniMol,LCLO,3408,nonlinear_dual_tower,frozen_valMSE,True,18714625,21,474279,0.7501713640732945,0.8533068282352593,0.20500664289810286,0.32589184480793126,0.9145919512677131,0.009775645655799768,0.004658511043308755,0.005117134613057852,False
drug,UniMol,LCLO,3409,nonlinear_dual_tower,frozen_valMSE,True,18714625,30,486991,0.7654560444216897,0.8681502959183897,0.1859953212493232,0.31307702704983525,0.8696620326739365,0.009200005662147428,0.0042255907483992015,0.004974414913927273,False
transcriptome,BulkFormer,LCLO,3407,nonlinear_dual_tower,frozen_valMSE,True,3812353,11,557484,0.8564702028112192,0.9617823882987768,0.23852103011875914,0.3382243751745614,0.8782354856645961,0.00640691383651604,0.0017042384125603488,0.00470267542399978,False
transcriptome,BulkFormer,LCLO,3408,nonlinear_dual_tower,frozen_valMSE,True,3812353,30,474279,0.8290873455084422,0.949284050630662,0.2316059925427326,0.4485895572109111,0.9118820705853276,0.00704955181048543,0.0018226911528275878,0.005226860657579149,False
transcriptome,BulkFormer,LCLO,3409,nonlinear_dual_tower,frozen_valMSE,True,3812353,10,486991,0.8610993224106396,0.9678196044316535,0.2870520299612206,0.28194263419579213,1.0113879088051265,0.0057672162597688075,0.0011167827218267338,0.004650433537654043,False
transcriptome,Cell2Sentence,LCLO,3407,nonlinear_dual_tower,frozen_valMSE,True,4205569,27,557484,0.8567400102956618,0.9663267573110071,0.23625035257513155,0.43305506447199066,0.9190653672774614,0.006138781154128531,0.0012887196824734695,0.0048500614714807435,False
transcriptome,Cell2Sentence,LCLO,3408,nonlinear_dual_tower,frozen_valMSE,True,4205569,28,474279,0.8348346127613192,0.9491199890988562,0.2384551198785306,0.3810494782920228,1.0123239700072015,0.006833795703442195,0.0017646090380106232,0.005069186665343948,False
transcriptome,Cell2Sentence,LCLO,3409,nonlinear_dual_tower,frozen_valMSE,True,4205569,27,486991,0.863752706742538,0.9727353763060369,0.29666626676098995,0.4465986253742486,0.9984499958725708,0.005678422257640334,0.000942637348643495,0.004735784908714093,False
transcriptome,CellPLM,LCLO,3407,nonlinear_dual_tower,frozen_valMSE,True,3681281,23,557484,0.8630676605625631,0.9681689673823886,0.23499160111757342,0.3025283699170715,0.911340106598103,0.005894147416013089,0.0012097701071863416,0.004684377308767134,False
transcriptome,CellPLM,LCLO,3408,nonlinear_dual_tower,frozen_valMSE,True,3681281,22,474279,0.8419964418696838,0.9546320238299054,0.2465894736292424,0.264791238771186,0.9318142699206927,0.006484115361133203,0.0015409247345758259,0.004943190626418378,False
transcriptome,CellPLM,LCLO,3409,nonlinear_dual_tower,frozen_valMSE,True,3681281,16,486991,0.8665494537699654,0.9699990938955457,0.3320087276455585,0.3493238066452608,0.9236648002532304,0.0055653252509537616,0.0010545486681698755,0.004510776582419481,False
transcriptome,Geneformer,LCLO,3407,nonlinear_dual_tower,frozen_valMSE,True,3419137,23,557484,0.8566014753605958,0.9684339774456197,0.17764938354342275,0.36856141440705414,0.9557601991123584,0.006093679736559344,0.0011352094225956966,0.0049584703138794645,False
transcriptome,Geneformer,LCLO,3408,nonlinear_dual_tower,frozen_valMSE,True,3419137,28,474279,0.8396051005041517,0.9519420510569557,0.2724709398888882,0.41572663028328194,0.999123852308279,0.006598737534160375,0.0016199966346836503,0.004978740899368849,False
transcriptome,Geneformer,LCLO,3409,nonlinear_dual_tower,frozen_valMSE,True,3419137,30,486991,0.8634354110520207,0.9732252706403891,0.2780127051960728,0.3923644234618707,0.9673773823636705,0.005683794257086815,0.0009413379128566914,0.004742456343933316,False
transcriptome,SCimilarity,LCLO,3407,nonlinear_dual_tower,frozen_valMSE,True,3288065,23,557484,0.8664993105644019,0.9697022092834007,0.2621650486079565,0.30890939129572503,0.915815828784015,0.005752426035814444,0.0011464340542987892,0.004605991981391207,False
transcriptome,SCimilarity,LCLO,3408,nonlinear_dual_tower,frozen_valMSE,True,3288065,17,474279,0.8605565863590297,0.9637618922303666,0.37021946253748766,0.36884605738207515,0.9869937949517269,0.005763633591572429,0.001223387805566271,0.004540245785824843,False
transcriptome,SCimilarity,LCLO,3409,nonlinear_dual_tower,frozen_valMSE,True,3288065,28,486991,0.8686988771979474,0.9736364701251926,0.32202745341250666,0.3709748390105098,0.9766980934611863,0.005452723752646482,0.0008982409345287756,0.004554482817851956,False
transcriptome,STATE,LCLO,3407,nonlinear_dual_tower,frozen_valMSE,True,5264385,27,557484,0.8596906916417253,0.9656680898994346,0.27586412695624174,0.4399161168849208,0.8926674499958648,0.006226278172146784,0.0015346381095488616,0.004691640062708625,False
transcriptome,STATE,LCLO,3408,nonlinear_dual_tower,frozen_valMSE,True,5264385,24,474279,0.855143281399877,0.9610100518269467,0.34908422383823184,0.438754055374315,0.9687734978656423,0.006006711687632902,0.0013441839895308322,0.0046625276980186885,False
transcriptome,STATE,LCLO,3409,nonlinear_dual_tower,frozen_valMSE,True,5264385,29,486991,0.8336266706826664,0.9511878272173028,0.20378134460109779,0.42067056844881445,0.8955355594051813,0.006802266655376249,0.0017064322085411096,0.005095834446595654,False
transcriptome,Tahoe_x1,LCLO,3407,nonlinear_dual_tower,frozen_valMSE,True,3681281,16,557484,0.864456065029781,0.9673852429766691,0.2792017216984908,0.3705896121344281,0.9015878522800006,0.005894533232218286,0.0013036224805804573,0.004590910751562976,False
transcriptome,Tahoe_x1,LCLO,3408,nonlinear_dual_tower,frozen_valMSE,True,3681281,11,474279,0.8540982493366198,0.9587186177364772,0.3487712771040654,0.33789809452289904,0.894842182631812,0.006182241843094119,0.0015602480792681276,0.004621993763671889,False
transcriptome,Tahoe_x1,LCLO,3409,nonlinear_dual_tower,frozen_valMSE,True,3681281,26,486991,0.8519508570782695,0.963704781302841,0.2520741991163298,0.39621242907712906,0.9349872294584632,0.006105334534609477,0.001254176133073081,0.004851158401243698,False
transcriptome,UCE,LCLO,3407,nonlinear_dual_tower,frozen_valMSE,True,4467713,5,557484,0.8067517097556703,0.9211687992024605,-0.007065713707929312,0.23579899729585557,0.8666445861430278,0.008697112973249552,0.0034719644737010056,0.005225148499654771,False
transcriptome,UCE,LCLO,3408,nonlinear_dual_tower,frozen_valMSE,True,4467713,13,474279,0.8183485395346098,0.9422863267514884,0.06885338581150034,0.2614318161792448,0.9586157486129792,0.0074024552442636775,0.0019709001988301627,0.005431555045438075,False
transcriptome,UCE,LCLO,3409,nonlinear_dual_tower,frozen_valMSE,True,4467713,19,486991,0.8147879484182561,0.9507277049370529,-0.02384027083100988,0.3659244158902935,0.9436735948216757,0.007503143651756865,0.0016682383216380771,0.0058349053298172695,False
transcriptome,raw,LCLO,3407,nonlinear_dual_tower,frozen_valMSE,True,19501057,16,557484,0.8670633196787937,0.9661016803695178,0.31604775779990907,0.3457242004111022,0.852534065753975,0.005987144171276473,0.001541321287221187,0.004445822884061912,True
transcriptome,raw,LCLO,3408,nonlinear_dual_tower,frozen_valMSE,True,19501057,24,474279,0.8565770008120096,0.960755517517378,0.3560535643103253,0.35611197572399356,0.9631910921554864,0.005904350075839927,0.0013099835664941353,0.004594366509354085,True
transcriptome,raw,LCLO,3409,nonlinear_dual_tower,frozen_valMSE,True,19501057,30,486991,0.8534533539592778,0.9642292799003384,0.25071900123984814,0.3653742630304658,0.9402170240414424,0.006074772518302197,0.001258828935472399,0.004815943582459397,True
transcriptome,scFoundation,LCLO,3407,nonlinear_dual_tower,frozen_valMSE,True,6302721,15,557484,0.8623704676855278,0.9670178963917465,0.23525507661857128,0.3028784546067952,0.9573472291204429,0.0059582455069230504,0.0012744217946051828,0.004683823712274283,False
transcriptome,scFoundation,LCLO,3408,nonlinear_dual_tower,frozen_valMSE,True,6302721,26,474279,0.8571292776720267,0.9640531224063752,0.3460704823055946,0.4507979081548887,0.9744472333705666,0.005945503581836268,0.0012565523682550876,0.004688951213631966,False
transcriptome,scFoundation,LCLO,3409,nonlinear_dual_tower,frozen_valMSE,True,6302721,28,486991,0.8557905546819172,0.9689950064914813,0.23373764973899364,0.37497285159400284,0.959296635630922,0.005992122851759869,0.0011000175956256497,0.004892105255846738,False
transcriptome,scGPT,LCLO,3407,nonlinear_dual_tower,frozen_valMSE,True,3681281,23,557484,0.8659967903593881,0.9674552732538572,0.2936167315959019,0.3633012096846569,0.8897865387507201,0.005866243080554519,0.0013333257710069493,0.004532917309338536,False
transcriptome,scGPT,LCLO,3408,nonlinear_dual_tower,frozen_valMSE,True,3681281,23,474279,0.8541128586577018,0.9637689075825872,0.3062467669009771,0.3598929110988824,0.9495768178645017,0.006054900747843131,0.001271835305427413,0.004783065442302309,False
transcriptome,scGPT,LCLO,3409,nonlinear_dual_tower,frozen_valMSE,True,3681281,22,486991,0.8596485016656829,0.9702338741275937,0.26874378292561174,0.3997834602841065,0.9653247455254375,0.005806654185629991,0.0010177611491845643,0.0047888930360636215,False
transcriptome,tGPT,LCLO,3407,nonlinear_dual_tower,frozen_valMSE,True,4205569,27,557484,0.8617754266014022,0.9696880576567634,0.2316281661737514,0.38779634465260565,0.9434231171729168,0.005897317094401595,0.0011073608154272712,0.004789956279014996,False
transcriptome,tGPT,LCLO,3408,nonlinear_dual_tower,frozen_valMSE,True,4205569,20,474279,0.8319732702008624,0.9508959925759792,0.2011465072097589,0.3764916616809398,0.9613108862075207,0.006828010300465043,0.0016177467775104024,0.005210263522815219,False
transcriptome,tGPT,LCLO,3409,nonlinear_dual_tower,frozen_valMSE,True,4205569,26,486991,0.8445016754506659,0.9611508741611492,0.19390747191379729,0.4092773329381726,1.0135614182912127,0.006577180548390103,0.0014647742531949009,0.0051124062953795645,False
drug,ChemBERTa2,LSO,3407,nonlinear_dual_tower,frozen_valMSE,True,18649089,21,468871,0.5148493813043433,0.5859728230860741,0.1853970392410389,0.32153515077417283,0.8377788086064029,0.016485758542651448,0.011302021154052735,0.00518373738930532,False
drug,ChemBERTa2,LSO,3408,nonlinear_dual_tower,frozen_valMSE,True,18649089,19,466230,0.5106164370196042,0.5806897508007998,0.17721810190665768,0.3516987095077526,0.7186820294687086,0.017885629880685264,0.012300160176816321,0.005585469703527562,False
drug,ChemBERTa2,LSO,3409,nonlinear_dual_tower,frozen_valMSE,True,18649089,10,459058,0.509051439827185,0.5749734015434392,0.18577706480763773,0.27553222912441644,0.7370993582312201,0.017297585120433133,0.011990727669500323,0.005306857450404304,False
drug,Chemprop,LSO,3407,nonlinear_dual_tower,frozen_valMSE,True,18606081,2,468871,0.15755484946843923,0.18387804538598976,-0.000354756850733092,0.046339718029822216,0.19904717960045312,0.020374226439408682,0.015095581521184114,0.005278644917854799,False
drug,Chemprop,LSO,3408,nonlinear_dual_tower,frozen_valMSE,True,18606081,3,466230,0.18011210260322053,0.20785211831132958,0.018836645605703254,0.06897747146296372,0.23729997886801107,0.02240660221253787,0.016803677551947317,0.005602924660208345,False
drug,Chemprop,LSO,3409,nonlinear_dual_tower,frozen_valMSE,True,18606081,3,459058,0.18178217744703895,0.21055750509741963,0.0003272816827245454,0.05801576122673511,0.23717816837492714,0.021943485848549146,0.016474268159191615,0.005469217688880979,False
drug,GeminiMol,LSO,3407,nonlinear_dual_tower,frozen_valMSE,False,19501057,29,432978,0.5779689188991988,0.6571026598889818,0.22676043134148038,0.34282308569940184,0.8705365441334761,0.014559222174425429,0.009466650552923714,0.0050925716207818605,False
drug,GeminiMol,LSO,3408,nonlinear_dual_tower,frozen_valMSE,False,19501057,9,428214,0.5733103552920484,0.6499487350079479,0.2234969289548066,0.27743512133059994,0.7890632527867394,0.015617065720978273,0.010192793669645235,0.005424272050605419,False
drug,GeminiMol,LSO,3409,nonlinear_dual_tower,frozen_valMSE,False,19501057,17,423420,0.6027512355617208,0.6804749074105638,0.24593854957684072,0.3190434458080953,0.8179914354607456,0.01469406072722527,0.009445721752058696,0.005248338974673742,False
drug,InfoAlign,LSO,3407,nonlinear_dual_tower,frozen_valMSE,True,18606081,2,468871,0.15346124527904598,0.18020921367243206,-0.0035978686389392823,0.0634923983338336,0.22319218686153813,0.0204340941392036,0.01514329308099251,0.005290801057820016,False
drug,InfoAlign,LSO,3408,nonlinear_dual_tower,frozen_valMSE,True,18606081,2,466230,0.1676444746935215,0.1950869219906274,0.004559435715141177,0.06485742989887214,0.2054998621652233,0.022511514835527116,0.01690045114362539,0.005611063691498246,False
drug,InfoAlign,LSO,3409,nonlinear_dual_tower,frozen_valMSE,True,18606081,2,459058,0.15970423996856967,0.18618683721898122,-0.0034483391195836485,0.07176598824081255,0.23984179523929244,0.02213146177622887,0.01664961148540139,0.005481850290366128,False
drug,KPGT,LSO,3407,nonlinear_dual_tower,frozen_valMSE,True,19632129,2,468871,0.34434684028428525,0.3950572666059174,0.09067989554875527,0.15855244236790728,0.5213342362749018,0.018685885452724708,0.01343777115450721,0.0052481142973949705,False
drug,KPGT,LSO,3408,nonlinear_dual_tower,frozen_valMSE,True,19632129,11,466230,0.3841401385821602,0.43806295116165983,0.11012492899641443,0.23593201209232356,0.6000003955450217,0.020430246956810123,0.014818708811454093,0.005611538145335816,False
drug,KPGT,LSO,3409,nonlinear_dual_tower,frozen_valMSE,True,19632129,2,459058,0.35084402958731276,0.400117988375767,0.08985193023472697,0.16357955076498287,0.49605473362845504,0.02006501533892593,0.01462831583796861,0.005436699500391969,False
drug,MolCLR,LSO,3407,nonlinear_dual_tower,frozen_valMSE,True,18714625,30,468871,0.5792672438207255,0.6581263458422505,0.22243055076454035,0.28132660608072046,0.6574238736284826,0.014059452933266468,0.009034615936160935,0.005024836996916459,False
drug,MolCLR,LSO,3408,nonlinear_dual_tower,frozen_valMSE,True,18714625,21,466230,0.5621838546595085,0.6368051222397435,0.20726743985953366,0.2869005771349631,0.6136931341801805,0.016031042893433215,0.010644918286145071,0.005386124607172988,False
drug,MolCLR,LSO,3409,nonlinear_dual_tower,frozen_valMSE,True,18714625,30,459058,0.5773332071936856,0.6491772461974076,0.2410526572682578,0.29514476197172823,0.6486140720151732,0.015340515411494386,0.010190230886837069,0.005150284524476523,False
drug,MolT5,LSO,3407,nonlinear_dual_tower,frozen_valMSE,True,18845697,26,468871,0.527000558581796,0.5963446916359508,0.21620775102804837,0.27737797233947736,0.7479963878555883,0.015468074770870107,0.010427422548300497,0.005040652222287214,False
drug,MolT5,LSO,3408,nonlinear_dual_tower,frozen_valMSE,True,18845697,25,466230,0.5364564712744472,0.603517975967379,0.22070768516683473,0.30260390510602253,0.7309870420081506,0.01686988688284027,0.011513877605116976,0.005356009277194913,False
drug,MolT5,LSO,3409,nonlinear_dual_tower,frozen_valMSE,True,18845697,18,459058,0.529641859025139,0.5971516020496211,0.20464187174477977,0.3093631202586341,0.7632230947562505,0.01686901616525582,0.01158644123332678,0.005282574931583978,False
drug,Mole_BERT,LSO,3407,nonlinear_dual_tower,frozen_valMSE,True,18606081,23,468871,0.5555343589919036,0.6304077739266212,0.2182178590346057,0.34753786136989473,0.8178144724839469,0.015079720442493592,0.009975290141821904,0.00510443030012632,False
drug,Mole_BERT,LSO,3408,nonlinear_dual_tower,frozen_valMSE,True,18606081,25,466230,0.5842615280313801,0.6578452737938927,0.2393298446889746,0.33518751758639104,0.7526295372823657,0.015610755720859943,0.010288767840700323,0.0053219878798512685,False
drug,Mole_BERT,LSO,3409,nonlinear_dual_tower,frozen_valMSE,True,18606081,18,459058,0.5849075942152014,0.6591083056828063,0.22660065811725913,0.29864497147562485,0.7946702588852077,0.015409623342624563,0.010210154005627218,0.0051994693366608806,False
drug,Ouroboros,LSO,3407,nonlinear_dual_tower,frozen_valMSE,True,19501057,27,468871,0.5306502788863332,0.6076844460554227,0.18431933807177175,0.30603837030277414,0.6192461268865248,0.015026231029736126,0.009859978607202481,0.0051662524217940585,False
drug,Ouroboros,LSO,3408,nonlinear_dual_tower,frozen_valMSE,True,19501057,23,466230,0.5351167860814128,0.6086666275022408,0.1853837994045247,0.3255664388435683,0.6627869194896472,0.01662526963867693,0.011116692088124411,0.005508577550188609,False
drug,Ouroboros,LSO,3409,nonlinear_dual_tower,frozen_valMSE,True,19501057,26,459058,0.5449800012228698,0.6169324372026994,0.18913885758045093,0.27368819484439566,0.7023887919902424,0.01619869248082404,0.01090365181378631,0.0052950406664735205,False
drug,UniMolV2,LSO,3407,nonlinear_dual_tower,frozen_valMSE,False,18976769,27,468219,0.556932148333494,0.6324147632675965,0.21275330194669542,0.2841185067326596,0.7274555531742186,0.01457738203517355,0.009520550496841732,0.005056831537854997,False
drug,UniMolV2,LSO,3408,nonlinear_dual_tower,frozen_valMSE,False,18976769,30,464645,0.579111224221887,0.6547296221349422,0.20319559685409716,0.2867110820872273,0.7268122930646034,0.015449097050383682,0.010122863300847591,0.005326233749253481,False
drug,UniMolV2,LSO,3409,nonlinear_dual_tower,frozen_valMSE,False,18976769,21,458231,0.5598260091031206,0.6326360660235865,0.20543129160028284,0.26966055380029685,0.6600231349555584,0.01563056285448871,0.010382966407705098,0.005247596446306785,False
drug,UniMol,LSO,3407,nonlinear_dual_tower,frozen_valMSE,True,18714625,30,468871,0.4989945081983857,0.5673295719063581,0.1882012868587182,0.30432684490179596,0.7198878641792585,0.01622279300155068,0.011071164765886396,0.00515162823529212,False
drug,UniMol,LSO,3408,nonlinear_dual_tower,frozen_valMSE,True,18714625,23,466230,0.5281214096430398,0.5994854836921881,0.18644124371734172,0.31469859330639194,0.6715039622398362,0.017011977350608398,0.011523495609788567,0.005488481740168013,False
drug,UniMol,LSO,3409,nonlinear_dual_tower,frozen_valMSE,True,18714625,30,459058,0.5339163396061775,0.6042474968034911,0.19261290508635795,0.2884739911292737,0.6650429735042066,0.01631706752639582,0.011018131881117617,0.00529893564450684,False
transcriptome,BulkFormer,LSO,3407,nonlinear_dual_tower,frozen_valMSE,True,3812353,22,468871,0.6040736147161267,0.6797905684869708,0.2825485228884731,0.4003152706471004,0.7967379312044798,0.013570200927805257,0.008650486229749954,0.004919714697012596,False
transcriptome,BulkFormer,LSO,3408,nonlinear_dual_tower,frozen_valMSE,True,3812353,28,466230,0.6373891649278585,0.7113556163452103,0.3068915067064646,0.3798688933459683,0.7976401913343331,0.013896399196914795,0.008802331456235912,0.0050940677412705535,False
transcriptome,BulkFormer,LSO,3409,nonlinear_dual_tower,frozen_valMSE,True,3812353,23,459058,0.6193977565556059,0.6918253325890192,0.29081547947095293,0.37202540869998113,0.819204270995276,0.014294475996525382,0.009268466018320019,0.005026009977205053,False
transcriptome,Cell2Sentence,LSO,3407,nonlinear_dual_tower,frozen_valMSE,True,4205569,30,468871,0.6079484448401362,0.6853877259004891,0.2694269292270381,0.33071967466523833,0.8461408629077365,0.013655954947897212,0.00875135388948555,0.0049046010591556385,False
transcriptome,Cell2Sentence,LSO,3408,nonlinear_dual_tower,frozen_valMSE,True,4205569,28,466230,0.6258415346282511,0.699694804311494,0.29111751717811046,0.33215417644980627,0.7564031937849552,0.014213998762790545,0.009087552736820005,0.0051264460254946565,False
transcriptome,Cell2Sentence,LSO,3409,nonlinear_dual_tower,frozen_valMSE,True,4205569,21,459058,0.6212197438901103,0.6953299145471971,0.2797738341504255,0.3623032352520883,0.8608257367292397,0.014415166566981035,0.009353635765025712,0.005061530800968138,False
transcriptome,CellPLM,LSO,3407,nonlinear_dual_tower,frozen_valMSE,True,3681281,26,468871,0.5976056077499264,0.6714395566775055,0.28191760823944284,0.3904617048391777,0.882974972108893,0.014259883338836161,0.009349286393769614,0.004910596945910007,False
transcriptome,CellPLM,LSO,3408,nonlinear_dual_tower,frozen_valMSE,True,3681281,28,466230,0.6288184006660312,0.7014882115392009,0.3035139520003581,0.3584092133901842,0.809506192660037,0.014209891832421764,0.00911722477582605,0.005092667057140308,False
transcriptome,CellPLM,LSO,3409,nonlinear_dual_tower,frozen_valMSE,True,3681281,22,459058,0.6144741479045323,0.688705285501819,0.26999185574648354,0.3446181005518281,0.8109693743387079,0.014397292565362997,0.009313217360648704,0.0050840752055212,False
transcriptome,Geneformer,LSO,3407,nonlinear_dual_tower,frozen_valMSE,True,3419137,18,468871,0.5971025981015409,0.6729108828254364,0.26684538935434393,0.35468892185301854,0.8494151914032123,0.014009753588584565,0.009077004326162895,0.004932749263358236,False
transcriptome,Geneformer,LSO,3408,nonlinear_dual_tower,frozen_valMSE,True,3419137,15,466230,0.6182949548809366,0.695715240035443,0.2555455424140916,0.3160357326783393,0.7229645829812448,0.014312761588688114,0.00906655424778577,0.0052462073414047,False
transcriptome,Geneformer,LSO,3409,nonlinear_dual_tower,frozen_valMSE,True,3419137,23,459058,0.6136097018957194,0.6861325478751568,0.2814318886525848,0.3465284687982085,0.8242533269161517,0.014507381187556578,0.009464951216661601,0.005042429970038668,False
transcriptome,SCimilarity,LSO,3407,nonlinear_dual_tower,frozen_valMSE,True,3288065,20,468871,0.5991919091581722,0.6717594323881976,0.2924427696450677,0.36031881839286295,0.8318344350666346,0.013873799273725508,0.009032833665730499,0.004840965608967823,False
transcriptome,SCimilarity,LSO,3408,nonlinear_dual_tower,frozen_valMSE,True,3288065,15,466230,0.622246543715944,0.6965429351975945,0.28303175660613555,0.329326957673991,0.7581546145905655,0.01426921870789669,0.00911424998881711,0.005154968719646363,False
transcriptome,SCimilarity,LSO,3409,nonlinear_dual_tower,frozen_valMSE,True,3288065,22,459058,0.6182335693012477,0.6899630897116579,0.2944412653516938,0.3696776135322304,0.8030780176834944,0.014260427313520502,0.009251078881176275,0.005009348431495979,False
transcriptome,STATE,LSO,3407,nonlinear_dual_tower,frozen_valMSE,True,5264385,20,468871,0.6194377008286248,0.6961662659976058,0.29344860635776726,0.39350764944870686,0.8127529702724173,0.013133767632827788,0.008267438834931043,0.004866328797069471,False
transcriptome,STATE,LSO,3408,nonlinear_dual_tower,frozen_valMSE,True,5264385,27,466230,0.6378850394305892,0.7095194043309947,0.32505196855114676,0.4206722704327215,0.8132853826938258,0.013952244551611629,0.008900996267384505,0.005051248284776946,False
transcriptome,STATE,LSO,3409,nonlinear_dual_tower,frozen_valMSE,True,5264385,22,459058,0.6275289215338045,0.7016799119685417,0.290891480495269,0.38440327420441117,0.806970841329672,0.013958829791429024,0.008921344245601924,0.005037485544980207,False
transcriptome,Tahoe_x1,LSO,3407,nonlinear_dual_tower,frozen_valMSE,True,3681281,28,468871,0.613708934054165,0.6879402168512906,0.3025304016210895,0.42033671240286086,0.8459758428130398,0.013494116864631273,0.008635931334349712,0.004858185531066268,False
transcriptome,Tahoe_x1,LSO,3408,nonlinear_dual_tower,frozen_valMSE,True,3681281,15,466230,0.628355130509473,0.7020432391214613,0.2971134655957359,0.3559094569836856,0.7554357742825613,0.014065260863151997,0.008948621423920606,0.005116639438702588,False
transcriptome,Tahoe_x1,LSO,3409,nonlinear_dual_tower,frozen_valMSE,True,3681281,26,459058,0.6272395634102836,0.699677867578743,0.3013850672430528,0.37438290315794404,0.8004015987717589,0.013940713521422178,0.008955726629738293,0.004984986890803312,False
transcriptome,UCE,LSO,3407,nonlinear_dual_tower,frozen_valMSE,True,4467713,29,468871,0.6117872878459911,0.6874580928879445,0.2880680937468471,0.38171234920108854,0.8615779350054488,0.013666575202251006,0.008790311000016713,0.004876264203281693,False
transcriptome,UCE,LSO,3408,nonlinear_dual_tower,frozen_valMSE,True,4467713,15,466230,0.6232572567627523,0.6996725050390429,0.2682966352035934,0.32321308677615224,0.7634173404656929,0.014239321985495533,0.009034055374821518,0.005205266609916141,False
transcriptome,UCE,LSO,3409,nonlinear_dual_tower,frozen_valMSE,True,4467713,26,459058,0.6183812369631912,0.6932912851820682,0.2712423006070553,0.3605962880078457,0.8167300431241145,0.01429559190625271,0.009202041227379814,0.005093550677907477,False
transcriptome,raw,LSO,3407,nonlinear_dual_tower,frozen_valMSE,True,19501057,22,468871,0.6157057909202555,0.6924659758702975,0.28686361332195764,0.37271465384026015,0.8082834474627877,0.013255577850462922,0.008383034114956937,0.004872543736411682,True
transcriptome,raw,LSO,3408,nonlinear_dual_tower,frozen_valMSE,True,19501057,25,466230,0.6357512201417289,0.7083218950917772,0.3154098100675792,0.3694348159289184,0.7396720650805376,0.013812182756765741,0.008761209022190134,0.005050973735337556,True
transcriptome,raw,LSO,3409,nonlinear_dual_tower,frozen_valMSE,True,19501057,22,459058,0.6243664958122569,0.6964594391844002,0.3012071063358466,0.36997800281804,0.7615400142519044,0.013911322988349881,0.008929018081165278,0.0049823049062850495,True
transcriptome,scFoundation,LSO,3407,nonlinear_dual_tower,frozen_valMSE,True,6302721,29,468871,0.6139304674019843,0.6886369722584822,0.2972387725870172,0.3767244939499549,0.8605675876714494,0.013584312965426431,0.008749232317023148,0.00483508064924025,False
transcriptome,scFoundation,LSO,3408,nonlinear_dual_tower,frozen_valMSE,True,6302721,30,466230,0.6282251436402421,0.7007261047730315,0.3044952753848573,0.39798296579855574,0.8592836768785301,0.01449170004553659,0.009370353007108274,0.005121347039106066,False
transcriptome,scFoundation,LSO,3409,nonlinear_dual_tower,frozen_valMSE,True,6302721,22,459058,0.6171500387255056,0.6896145404360758,0.28693848209265804,0.35461891157751635,0.8125750260030858,0.014311740387743483,0.009284500983315958,0.005027239405134762,False
transcriptome,scGPT,LSO,3407,nonlinear_dual_tower,frozen_valMSE,True,3681281,30,468871,0.6109017227728487,0.6841912535947661,0.30286674480217224,0.38508068504954546,0.8628240724224009,0.013661225569756878,0.008841610492161346,0.004819615078280451,False
transcriptome,scGPT,LSO,3408,nonlinear_dual_tower,frozen_valMSE,True,3681281,25,466230,0.6332214683889305,0.705108278793641,0.315937094159671,0.3826876552485037,0.7846252270101808,0.013991260898628479,0.008933555570922574,0.0050577053283426075,False
transcriptome,scGPT,LSO,3409,nonlinear_dual_tower,frozen_valMSE,True,3681281,24,459058,0.6307731535249425,0.7052835432350325,0.29020007993033187,0.3676753770703952,0.8352934854095853,0.013979708998978551,0.008954980428780911,0.00502472856940513,False
transcriptome,tGPT,LSO,3407,nonlinear_dual_tower,frozen_valMSE,True,4205569,20,468871,0.6031577185754918,0.6797150865310703,0.27016587323249075,0.3501392026692102,0.8153097793278448,0.013637321994405812,0.008720921421051719,0.004916400574275017,False
transcriptome,tGPT,LSO,3408,nonlinear_dual_tower,frozen_valMSE,True,4205569,25,466230,0.6337641304778572,0.7079158044362217,0.30271768764680573,0.3923846349522164,0.7916377306568255,0.014006034377286872,0.00888256511970375,0.00512346925678839,False
transcriptome,tGPT,LSO,3409,nonlinear_dual_tower,frozen_valMSE,True,4205569,26,459058,0.6079313069515164,0.6787686306533185,0.2868214768971046,0.3858098352304179,0.8667859253970586,0.015093959600445366,0.010037910228771754,0.0050560493704604175,False
drug,ECFP4,LCLO,3407,nonlinear_dual_tower,frozen_valMSE,True,19501057,16,557484,0.8670633196787937,0.9661016803695178,0.31604775779990907,0.3457242004111022,0.852534065753975,0.005987144171276473,0.001541321287221187,0.004445822884061912,True
drug,ECFP4,LCLO,3408,nonlinear_dual_tower,frozen_valMSE,True,19501057,24,474279,0.8565770008120096,0.960755517517378,0.3560535643103253,0.35611197572399356,0.9631910921554864,0.005904350075839927,0.0013099835664941353,0.004594366509354085,True
drug,ECFP4,LCLO,3409,nonlinear_dual_tower,frozen_valMSE,True,19501057,30,486991,0.8534533539592778,0.9642292799003384,0.25071900123984814,0.3653742630304658,0.9402170240414424,0.006074772518302197,0.001258828935472399,0.004815943582459397,True
drug,ECFP4,LSO,3407,nonlinear_dual_tower,frozen_valMSE,True,19501057,22,468871,0.6157057909202555,0.6924659758702975,0.28686361332195764,0.37271465384026015,0.8082834474627877,0.013255577850462922,0.008383034114956937,0.004872543736411682,True
drug,ECFP4,LSO,3408,nonlinear_dual_tower,frozen_valMSE,True,19501057,25,466230,0.6357512201417289,0.7083218950917772,0.3154098100675792,0.3694348159289184,0.7396720650805376,0.013812182756765741,0.008761209022190134,0.005050973735337556,True
drug,ECFP4,LSO,3409,nonlinear_dual_tower,frozen_valMSE,True,19501057,22,459058,0.6243664958122569,0.6964594391844002,0.3012071063358466,0.36997800281804,0.7615400142519044,0.013911322988349881,0.008929018081165278,0.0049823049062850495,True
