side,representation,full_panel_coverage,n_seeds,anchor,rawPCC_mean,rawPCC_std,sharedPCC_mean,sharedPCC_std,intPCC_mean,intPCC_std,A_int_mean,A_int_std,E_shared_mean,E_interaction_mean,n_rows
constructive,M4 (ECFP4 x raw),True,5,,0.6087193051501005,0.0126100148738596,0.6778072879828435,0.013774301055120317,0.3083713563266701,0.012635092289914027,0.3592237648224821,0.011651232510538734,0.009081652260714659,0.004863970783244363,468871
constructive,M0 (ECFP4 x raw),True,5,,0.6231013201700676,0.007709599515968191,0.6973127397672829,0.0063302025181730245,0.2909350151279505,0.01726441366549956,0.37407870960780015,0.006977466659863612,0.008736940434530978,0.004942444213382931,468871
drug,ECFP4,True,3,True,0.6252745022914138,0.010053515056581856,0.6990824367154916,0.008246977059844817,0.3011601765751278,0.014273156236858202,0.37070915752907285,0.0017579176857201912,0.008691087072770783,0.004968607459344763,468871
drug,GeminiMol,False,3,False,0.5846768365843227,0.015825248102829065,0.6625087674358312,0.015965002333060682,0.23206530329104258,0.01212488489993886,0.31310055094603234,0.0330966005894877,0.009701721991542548,0.00525506088202034,432978
drug,Mole_BERT,True,3,False,0.5749011604128283,0.016775252556567394,0.6491204511344401,0.01621795389687372,0.2280494539469465,0.010630298282957973,0.3271234501439702,0.02542440871171309,0.010158070662716482,0.005208629172212823,468871
drug,MolCLR,True,3,False,0.5729281018913065,0.009354905710491315,0.6480362380931338,0.010706309756285753,0.22358354929744395,0.01692209452317732,0.2877906483958039,0.006951944202457271,0.009956588369714359,0.0051870820428553234,468871
drug,MolT5,True,3,False,0.5310329629604608,0.004879031546517328,0.5990047565509836,0.003929330506500855,0.2138524359798876,0.008287835782647945,0.29644833256804465,0.01685766077501012,0.011175913795581418,0.005226412143688702,468871
drug,UniMolV2,False,3,False,0.5652897938861673,0.012056847014554091,0.6399268171420417,0.012820082701403772,0.2071267301336918,0.004999331507781371,0.2801633808733946,0.009187621789006336,0.01000879340179814,0.005210220577805087,468219
drug,UniMol,True,3,False,0.5203440858158677,0.018714931248954174,0.5903541841340124,0.020081552937794428,0.18908514522080597,0.003179348237709455,0.30249980977915386,0.013207421506166701,0.011204264085597526,0.005313015206655658,468871
drug,Ouroboros,True,3,False,0.5369156887302052,0.007332276155153586,0.6110945035867876,0.005079593662534733,0.1862806650189158,0.002531840836494787,0.3017643346635794,0.026201881336905052,0.0106267741697044,0.005323290212818729,468871
drug,ChemBERTa2,True,3,False,0.5115057527170442,0.0029995321552573847,0.5805453251434377,0.005501132851151977,0.18279740198511144,0.004835550318411824,0.3162553631354473,0.03835675040496539,0.011864303000123125,0.005358688181079062,468871
drug,KPGT,True,3,False,0.3597770028179194,0.021347720145485444,0.41107940204778143,0.02350503495623383,0.09688558492663223,0.011473079586094854,0.18602133507507124,0.043296936553864254,0.014294931934643304,0.005432117314374252,468871
drug,Chemprop,True,3,False,0.17314970983956623,0.013531335484430184,0.200762556264913,0.014684849680229805,0.006269723479231569,0.01088861529028751,0.05777765023984035,0.011320754955235428,0.016124509077441018,0.005450262422314708,468871
drug,InfoAlign,True,3,False,0.16026998664704573,0.0071085196162116605,0.18716099096068026,0.007486540111070961,-0.0008289240144605846,0.00466705530297051,0.06670527215783943,0.004435534155852595,0.01623111857000643,0.005461238346561463,468871
transcriptome,STATE,True,3,False,0.6282838872643395,0.00924681325185021,0.7024551940990474,0.006710243857272714,0.3031306851347277,0.019027394018530035,0.3995277313619465,0.018869050361210112,0.008696593115972491,0.004985020875608874,468871
transcriptome,scGPT,True,3,False,0.6249654482289072,0.012240908532288236,0.6981943585411465,0.012127361234440638,0.3030013062973917,0.012869034752354104,0.3784812391228148,0.009434332988034144,0.00891004883062161,0.004967349658676063,468871
transcriptome,raw,True,3,True,0.6252745022914138,0.010053515056581856,0.6990824367154916,0.008246977059844817,0.3011601765751278,0.014273156236858202,0.37070915752907285,0.0017579176857201912,0.008691087072770783,0.004968607459344763,468871
transcriptome,Tahoe_x1,True,3,False,0.6231012093246405,0.008153051487356622,0.6965537745171649,0.007552733106715874,0.30034297815329275,0.002854866236610927,0.3835430241814968,0.03317602557701137,0.00884675979600287,0.004986603953524057,468871
transcriptome,scFoundation,True,3,False,0.6197685499225773,0.007498459365499361,0.6929925391558632,0.006715276446412867,0.2962241766881775,0.008822261688745699,0.37644212377534236,0.021683406081793144,0.009134695435815793,0.004994555697827026,468871
transcriptome,BulkFormer,True,3,False,0.6202868453998637,0.016675560881341953,0.6943238391404001,0.015930158907358907,0.29341850302196354,0.012378489972370855,0.38406985756434997,0.014605312304769738,0.00890709456810196,0.005013264138496068,468871
transcriptome,SCimilarity,True,3,False,0.613224007391788,0.01231668894393432,0.6860884857658167,0.01283802631554762,0.289971930534299,0.006092865244465912,0.3531077965330281,0.021119729738914253,0.009132720845241296,0.005001760920036721,468871
transcriptome,tGPT,True,3,False,0.6149510520016218,0.016466503205315678,0.6887998405402035,0.016561672664243073,0.28656834592546704,0.016277383447059385,0.37611122428394816,0.022731397403431913,0.009213798923175741,0.005031973067174608,468871
transcriptome,CellPLM,True,3,False,0.6136327187734967,0.015623399522601566,0.6872110179061751,0.015079954956327486,0.28514113866209484,0.016991942078609778,0.36449633959373,0.023520179475871233,0.009259909510081455,0.005029113069523839,468871
transcriptome,Cell2Sentence,True,3,False,0.6183365744528325,0.00928844255214105,0.6934708149197267,0.007332483326493532,0.28010609351852467,0.010849110499555654,0.3417256954557109,0.01783510041732599,0.009064180797110423,0.005030859295206144,468871
transcriptome,UCE,True,3,False,0.6178085938573116,0.005756386612528798,0.6934739610363518,0.006109254774522711,0.27586900985249857,0.01066688670903103,0.35517390799502885,0.02962418909975323,0.009008802534072682,0.005058360497035104,468871
transcriptome,Geneformer,True,3,False,0.609669084959399,0.011132176015739742,0.684919556912012,0.011450466682537333,0.2679409401403401,0.012977900602112432,0.3390843744431888,0.02037346715505765,0.009202836596870089,0.005073795524933868,468871
