split,arm,seed,rule,n,rawPCC,sharedPCC,intPCC,A_int,A_shared,MSE_raw,E_shared,E_interaction,best_epoch,n_params
LCLO,M0,3407,frozen_valMSE,557484,0.8670633196787937,0.9661016803695178,0.31604775779990907,0.3457242004111022,0.852534065753975,0.005987144171276473,0.001541321287221187,0.004445822884061912,16,19501057
LCLO,M0,3408,frozen_valMSE,474279,0.8565770008120096,0.960755517517378,0.3560535643103253,0.35611197572399356,0.9631910921554864,0.005904350075839927,0.0013099835664941353,0.004594366509354085,24,19501057
LCLO,M0,3409,frozen_valMSE,486991,0.8534533539592778,0.9642292799003384,0.25071900123984814,0.3653742630304658,0.9402170240414424,0.006074772518302197,0.001258828935472399,0.004815943582459397,30,19501057
LCLO,M0,3410,frozen_valMSE,570863,0.8466118897636954,0.9513611734204628,0.3172815001686656,0.27749870310879593,1.1041110265304683,0.006273117824093127,0.001901828192005332,0.004371289631917721,12,19501057
LCLO,M0,3411,frozen_valMSE,530351,0.8666961671004043,0.9714281271743973,0.3371482098378875,0.387581728350966,0.927258201463295,0.0055884171380918245,0.001016287408308864,0.004572129729648466,30,19501057
LCLO,M4,3407,frozen_valMSE,557484,0.8653440933104081,0.9653964740343867,0.3101008567611113,0.36432254750825765,0.8462309815973804,0.00600930786997388,0.0015349499102930613,0.004474357959632816,19,20029444
LCLO,M4,3408,frozen_valMSE,474279,0.8604111132408356,0.9640007054413003,0.3723863889700759,0.4155403626245031,0.9113659237162021,0.005970773632158049,0.0014292061528281214,0.0045415674791639705,24,20029444
LCLO,M4,3409,frozen_valMSE,486991,0.8546987716123168,0.9647962009693863,0.2570380402045746,0.3944182297625067,1.0274864558592245,0.006083673717013753,0.0012549643692600656,0.004828709347518097,27,20029444
LCLO,M4,3410,frozen_valMSE,570863,0.8501026563248439,0.9556100553821457,0.3086666285452806,0.3572850662665223,0.9674311984492818,0.005844636243431373,0.00144339223531019,0.004401244007913039,20,20029444
LCLO,M4,3411,frozen_valMSE,530351,0.8588037739376846,0.9667821792316585,0.28857841834185677,0.35054663557522353,0.9808440163902797,0.005881686040203723,0.0011465621916903607,0.004735123848381881,19,20029444
LSO,M0,3407,frozen_valMSE,468871,0.6157057909202555,0.6924659758702975,0.28686361332195764,0.37271465384026015,0.8082834474627877,0.013255577850462922,0.008383034114956937,0.004872543736411682,22,19501057
LSO,M0,3408,frozen_valMSE,466230,0.6357512201417289,0.7083218950917772,0.3154098100675792,0.3694348159289184,0.7396720650805376,0.013812182756765741,0.008761209022190134,0.005050973735337556,25,19501057
LSO,M0,3409,frozen_valMSE,459058,0.6243664958122569,0.6964594391844002,0.3012071063358466,0.36997800281804,0.7615400142519044,0.013911322988349881,0.008929018081165278,0.0049823049062850495,22,19501057
LSO,M0,3410,frozen_valMSE,475001,0.6201456561843832,0.6952794389704493,0.2750318132883664,0.3719425750949446,0.8387327570161466,0.014092699590431086,0.009068130019607823,0.005024569570095254,14,19501057
LSO,M0,3411,frozen_valMSE,474086,0.6195374377917134,0.6940369497194897,0.2761627326260028,0.3863235003568378,0.7638117521971152,0.013325140054175271,0.008543310934734719,0.00478182911878511,26,19501057
LSO,M4,3407,frozen_valMSE,468871,0.5900270597662811,0.658413148545859,0.3086323299023043,0.36171957194047427,0.7286248015740044,0.013715641775072809,0.008935354096888493,0.00478028767877438,22,20029444
LSO,M4,3408,frozen_valMSE,466230,0.6143635901653993,0.6806207378864761,0.3290090842501383,0.35124499348080507,0.7138881890750741,0.014446852731344948,0.009458428865345628,0.004988423866372933,21,20029444
LSO,M4,3409,frozen_valMSE,459058,0.6125880351378015,0.6817340788096613,0.30508225494458635,0.3459089901576698,0.7428752133289132,0.014223093746651075,0.009270290481500314,0.004952803265626498,16,20029444
LSO,M4,3410,frozen_valMSE,475001,0.6232511460154582,0.6959536508353437,0.3044003493753399,0.3763412582610306,0.6918142459824191,0.013653958918384541,0.008743647085922625,0.004910311831979576,28,20029444
LSO,M4,3411,frozen_valMSE,474086,0.6033666946655629,0.672314823836877,0.2947327631609817,0.3609040102724308,0.6739519608230179,0.013688568046982456,0.009000540773916236,0.004688027273468428,30,20029444
