cohort,arm,seed,role,in_primary,preflight_comparable,n,rawPCC,sharedPCC,intPCC,A_int,E_shared,E_interaction
ALL,M0,3407,pooled_all,False,,10010,0.1481336660401302,0.1968805392026711,-0.005956658935399946,0.18169473907354824,0.12901755511098195,0.04377506102323614
HKUPDO,M0,3407,single_resource,False,False,324,0.39350696663528273,0.42863176456216795,0.0346824707478381,0.5392760419737801,0.06079194658549662,0.007927159862975004
LICOB,M0,3407,single_resource,False,False,4800,0.3442450819354223,0.48429030501985454,0.07403854337942507,0.10092828483128449,0.028703320094540928,0.020037832742978
UMPDO1,M0,3407,single_resource,True,True,2744,0.5483998145453554,0.6445372618866959,0.052942430409673065,0.18783314239491414,0.32094894701438575,0.02648351787017016
UMPDO2,M0,3407,single_resource,True,True,1470,0.3740786730044797,0.5727603672335141,0.08389826688240182,0.09657821189014959,0.14665057212614946,0.1085455144775439
UMPDO3,M0,3407,single_resource,True,False,672,0.36593676790719626,0.43002834016869973,0.18978811742488116,0.13561883765932942,0.16338933848723544,0.05229315034283798
COMPARABLE(UMPDO1+2+3),M0,3407,primary,False,,4886,0.4569881315560394,0.598492470124061,0.07406140789179023,0.15266149223283684,0.24101674077771718,0.06054518379178325
ALL,M0,3408,pooled_all,False,,10010,0.2465645308872839,0.3188095037725359,0.04436213607033479,0.19334421253724537,0.1302936523022805,0.04314286704710842
HKUPDO,M0,3408,single_resource,False,False,324,0.36143204143227586,0.38722912424924,0.11220440642530068,0.6563660239087903,0.07227893712776388,0.008117591033801518
LICOB,M0,3408,single_resource,False,False,4800,0.23064338807176757,0.3248069951555818,0.0618410256015552,0.05946031143609246,0.05351967153644083,0.020056758427796702
UMPDO1,M0,3408,single_resource,True,True,2744,0.575400928350875,0.680716410016128,0.032521231581559396,0.22173323432805264,0.28980145125681533,0.026988230216722277
UMPDO2,M0,3408,single_resource,True,True,1470,0.3434938111200686,0.5287404909049506,0.05327314377516776,0.08661954289074411,0.13370285096407633,0.10910862417298903
UMPDO3,M0,3408,single_resource,True,False,672,0.42208677483621937,0.5223871337361278,0.05257043524556882,0.12892848525942058,0.14021663152426408,0.05424834667616956
COMPARABLE(UMPDO1+2+3),M0,3408,primary,False,,4886,0.4617674076782568,0.604641892311339,0.05298493284398133,0.15963571115322867,0.21668700724597162,0.061021592788174914
ALL,M0,3409,pooled_all,False,,10010,0.39144810602513963,0.5211195233978618,0.07355244596530651,0.23757954792270364,0.1472650973195202,0.043196456624897274
HKUPDO,M0,3409,single_resource,False,False,324,0.49959149212495,0.5805774849084301,-0.12563782088082634,0.3917571256184613,0.04311038782541413,0.007917678668569414
LICOB,M0,3409,single_resource,False,False,4800,0.2623034221805093,0.3650998399246143,0.08860526895073792,0.08604792018856679,0.07719891874313486,0.019975706245287328
UMPDO1,M0,3409,single_resource,True,True,2744,0.5634033804264046,0.6723321357892923,0.061197904084867964,0.2643808601008708,0.3079855205255884,0.027061118549711577
UMPDO2,M0,3409,single_resource,True,True,1470,0.3586149040301296,0.558584753483675,0.03764278378823396,0.09879551366147621,0.14179521599148617,0.10955113853783328
UMPDO3,M0,3409,single_resource,True,False,672,0.3774485373439548,0.4526702992909434,0.14597894009788104,0.16600343258269545,0.14749734448192203,0.052951677452443544
COMPARABLE(UMPDO1+2+3),M0,3409,primary,False,,4886,0.4497906875104078,0.6164172196993707,0.0696007772390484,0.2530961153815097,0.2291052662021693,0.06224734565259279
ALL,M0,3410,pooled_all,False,,10010,0.34496031370948965,0.445851988149516,0.05565700612367968,0.15694274707532746,0.12442633211352445,0.042590314978401225
HKUPDO,M0,3410,single_resource,False,False,324,0.5681512218491732,0.6300360807281989,-0.06339112324601637,0.43265770610722853,0.028090835232071856,0.007855277303481886
LICOB,M0,3410,single_resource,False,False,4800,0.2390354312486665,0.33790540171094025,0.03633918359620235,0.056394198964827356,0.05316804307097153,0.020115152270773498
UMPDO1,M0,3410,single_resource,True,True,2744,0.5744953665734115,0.6618980447736945,0.0776454981223645,0.1571020453937071,0.27440449330334454,0.02608946811659236
UMPDO2,M0,3410,single_resource,True,True,1470,0.3521093411992771,0.5424310825828703,0.044591031401101565,0.06612782365900918,0.13123055095364364,0.10913064963474084
UMPDO3,M0,3410,single_resource,True,False,672,0.36141122982620805,0.43188128094143174,0.16559674974126265,0.10560898288902104,0.14146841341328753,0.05279403347220618
COMPARABLE(UMPDO1+2+3),M0,3410,primary,False,,4886,0.46271298880144734,0.5966256725399594,0.061605647933108715,0.127519688003335,0.2072553020084691,0.060536503007679224
ALL,M0,3411,pooled_all,False,,10010,0.22520031832326526,0.29668774991439356,0.031791419805749836,0.2580589053505208,0.12225128296116083,0.04440974192052679
HKUPDO,M0,3411,single_resource,False,False,324,0.3868411666282111,0.43680216611480893,0.019261031188458438,0.7950208086371203,0.043473631533808045,0.010128203222975467
LICOB,M0,3411,single_resource,False,False,4800,0.26565644711198333,0.37136414912164184,0.0690716792934098,0.2866395417899186,0.03822830877917373,0.020990627649485727
UMPDO1,M0,3411,single_resource,True,True,2744,0.5456577245558927,0.6517630384918974,0.0443191578098364,0.27285061950221323,0.2863875625153534,0.027392994632798186
UMPDO2,M0,3411,single_resource,True,True,1470,0.3608664912949904,0.5567107697186043,0.069087502578089,0.11343767475776065,0.14280466502905217,0.1089905722148195
UMPDO3,M0,3411,single_resource,True,False,672,0.3877299774425024,0.4679500430383203,0.14807229693165422,0.1993710761790194,0.14860699289547147,0.053039022297312735
COMPARABLE(UMPDO1+2+3),M0,3411,primary,False,,4886,0.4697116067590118,0.620344851145744,0.07833582492046694,0.20260278998163167,0.21864287077022349,0.0610662920981892
ALL,M4,3407,pooled_all,False,,10010,0.3217262707128832,0.43196543543230354,0.03907374520021408,0.23126878960720462,0.14528393225527908,0.04378498218184548
HKUPDO,M4,3407,single_resource,False,False,324,0.3889618672571603,0.4511577025472476,-0.0645102420070255,0.6781989106864242,0.050416091849960744,0.009786827978191848
LICOB,M4,3407,single_resource,False,False,4800,0.24396924624536168,0.36781252264517444,-0.009415936499254889,0.300933458359329,0.06626565046316674,0.022071063471696118
UMPDO1,M4,3407,single_resource,True,True,2744,0.5181153621004949,0.6200192228632807,0.07278510845798355,0.2621109094525131,0.3104330838531802,0.026878764788418233
UMPDO2,M4,3407,single_resource,True,True,1470,0.3559501229031084,0.5451603075221843,0.0891494346430458,0.11364401025088743,0.1528535153934213,0.10849419948476755
UMPDO3,M4,3407,single_resource,True,False,672,0.39190875719705043,0.45884550623672604,0.2076074723398116,0.1763509337955247,0.15547694405267243,0.05180431649648415
COMPARABLE(UMPDO1+2+3),M4,3407,primary,False,,4886,0.45309919247729613,0.6016561801274884,0.0882782426567259,0.19431678836391464,0.23586138016447453,0.060712066547534665
ALL,M4,3408,pooled_all,False,,10010,0.3558227944643061,0.46496001757911154,0.08092280071383091,0.2305665099190244,0.15672663924643573,0.04295752436269679
HKUPDO,M4,3408,single_resource,False,False,324,0.4650963822655076,0.5179739396298562,-0.0006777635598005574,0.7006553504145078,0.04359672458237408,0.009435265878871559
LICOB,M4,3408,single_resource,False,False,4800,0.3062970873643846,0.43437287802035934,0.049126529709834485,0.1744201736288275,0.08942994559758018,0.02040111871661748
UMPDO1,M4,3408,single_resource,True,True,2744,0.505283150223516,0.6028567298382933,0.05943570541736707,0.2764663408615703,0.32376046744221165,0.02721843407378671
UMPDO2,M4,3408,single_resource,True,True,1470,0.3852955036511858,0.5953074853722566,0.07089719182314769,0.12285201366795045,0.1272995885573069,0.10904292964808869
UMPDO3,M4,3408,single_resource,True,False,672,0.35380128570742025,0.455260955207703,-0.005610479445589639,0.18195459099538833,0.15823888057965516,0.055983435815788726
COMPARABLE(UMPDO1+2+3),M4,3408,primary,False,,4886,0.41401131694045284,0.545634874743498,0.0808093784696653,0.2109167528355731,0.23654815518368022,0.06113236142313444
ALL,M4,3409,pooled_all,False,,10010,0.4495896262195788,0.5867085331771906,0.09419843105143544,0.2580741817916196,0.11040666446292997,0.04304790022397263
HKUPDO,M4,3409,single_resource,False,False,324,0.2986437123770705,0.34382197584193025,-0.13355643205112955,0.7428879567337219,0.06273991426762658,0.011069822563045714
LICOB,M4,3409,single_resource,False,False,4800,0.24815818684067875,0.35986526091560656,0.03275590309957732,0.2872878333830229,0.06350390949124642,0.02141642752221627
UMPDO1,M4,3409,single_resource,True,True,2744,0.5859308048722544,0.689579030413667,0.08100385542489524,0.31608587391039306,0.21186792149837225,0.02735229332645518
UMPDO2,M4,3409,single_resource,True,True,1470,0.370465852572938,0.5707098024771218,0.049369923826052736,0.07973350448351126,0.12163181464036232,0.10913164252534334
UMPDO3,M4,3409,single_resource,True,False,672,0.4566279741745357,0.5268037819968088,0.2843896759966904,0.20135802109803266,0.11198072257272772,0.050081284305149264
COMPARABLE(UMPDO1+2+3),M4,3409,primary,False,,4886,0.5126724562403454,0.6651707637770573,0.10125967980729716,0.22174676630498613,0.16530267611357966,0.060761224855697314
ALL,M4,3410,pooled_all,False,,10010,0.38190816773508457,0.5028930215275044,0.0681246498312558,0.21726114868997193,0.14033536829912407,0.043031780660244046
HKUPDO,M4,3410,single_resource,False,False,324,0.22506161126923604,0.24859253549400512,-0.004356091197539482,0.8097544473228024,0.08138891273427931,0.01051604948777131
LICOB,M4,3410,single_resource,False,False,4800,0.293375143385501,0.41726996238722025,0.030919955729519104,0.12448874458199376,0.07177488447667812,0.020290665423622914
UMPDO1,M4,3410,single_resource,True,True,2744,0.5668490874140732,0.6734969264463098,0.0943517675852386,0.28451259062990547,0.2808659586721568,0.026793014728575124
UMPDO2,M4,3410,single_resource,True,True,1470,0.32945014848809473,0.5029841666296619,0.06825920815556388,0.06507206911477728,0.157075274499064,0.10878913554193276
UMPDO3,M4,3410,single_resource,True,False,672,0.4150663718739845,0.49396910342577327,0.18501316265524984,0.19039910827335393,0.13939874603150593,0.0522328135851961
COMPARABLE(UMPDO1+2+3),M4,3410,primary,False,,4886,0.478062414110904,0.6439570766108226,0.07831985259321045,0.23502454405557785,0.2175088775664015,0.0616178751630567
ALL,M4,3411,pooled_all,False,,10010,0.3998684251462049,0.5153944895116526,0.10536575066583649,0.23633636190728188,0.12557771439159143,0.0425433868847952
HKUPDO,M4,3411,single_resource,False,False,324,0.41386813163787917,0.4502525058903939,0.12565154386739352,0.7506366872938872,0.04356111226460862,0.008694989967728991
LICOB,M4,3411,single_resource,False,False,4800,0.322564355892014,0.43163741909587194,0.16423337568643745,0.23204116795758664,0.0666867947518382,0.019683157358277543
UMPDO1,M4,3411,single_resource,True,True,2744,0.5596308147288336,0.6551560414351302,0.07860817187003113,0.2578966694515145,0.2571538985833542,0.02675927076969878
UMPDO2,M4,3411,single_resource,True,True,1470,0.38106963861456666,0.586887977775018,0.06784208639563902,0.10263035609472826,0.12245105490527293,0.1089265043660931
UMPDO3,M4,3411,single_resource,True,False,672,0.3353892660880607,0.39574443701705625,0.16341994092011658,0.18691699285845942,0.1440622398868693,0.05266800970214732
COMPARABLE(UMPDO1+2+3),M4,3411,primary,False,,4886,0.4742155125974657,0.6157513133079892,0.08677140997297005,0.18330732781636425,0.19550499534737448,0.060611557366426
