split,run,n,d_H,components,d_H_over_N,f_H,D_H,D_M,C_error,E_shared,E_interaction,exact_support_n,eta_total,eta_shared,eta_interaction,selection_rule,prediction_sha256
LCLO,M0_seed3407,557484,54323,1,0.0974431553192558,0.2574384787017035,0.015817645499792282,0.004925809283108927,3.2111770047680306,0.001541321287221187,0.004445822884061912,2968,0.8612157705340473,1.0315573718187998,0.35830935042401646,frozen_valMSE,5ac5dea386ff8e94b9bbc210c2ebbeb4cec237fd87cc370dbde40a304be7b020
LCLO,M0_seed3408,474279,54323,1,0.1145380672557714,0.22186752981576596,0.011437102073399333,0.005188666321447833,2.204246980794084,0.0013099835664941353,0.004594366509354085,3015,0.8286057801489952,1.0094056927214825,0.3646806379645003,frozen_valMSE,f88e2b4f1e075344053f3e986f32684e7459e46fc5a51af2f9fd0f0ee41f81fe
LCLO,M0_seed3409,486991,54319,1,0.11154004899474529,0.20722239914001286,0.011285891899973106,0.005420552245501174,2.082055736911292,0.001258828935472399,0.004815943582459397,2904,0.8314680277758859,1.0110340450817847,0.36122027636169823,frozen_valMSE,f3bb37c6f538b7a542d4d32ef0c84ac740d7b34e27541575505ba94608e5542e
LCLO,M0_seed3410,570863,54322,1,0.09515768231607233,0.303171125640426,0.01998607096890285,0.0048309960160867116,4.137049772417804,0.001901828192005333,0.004371289631917721,3051,0.8153761681349734,0.9733024396285167,0.39128679717303827,frozen_valMSE,b7aa4ee36634ec33a800a70a92c61c0d0549b8e4660c88dd1a37dc26ab6c11b0
LCLO,M0_seed3411,530351,54322,1,0.10242650621946597,0.18185603958974997,0.009922113384706275,0.005093877839897976,1.9478506741938284,0.001016287408308864,0.004572129729648466,2876,0.8575078757140243,0.997445769148487,0.37473546658163726,frozen_valMSE,96ac43c1a1286fe48f5aa1a7fc5819472df3e2c3bf9f6885b6577a54a6edbb20
LCLO,M4_seed3407,557484,54323,1,0.0974431553192558,0.25542873547261485,0.0157522599228654,0.004957425104028215,3.17750840251035,0.0015349499102930613,0.004474357959632816,2968,0.8328572757410102,1.001802913272896,0.33398869716191615,frozen_valMSE,bfd7a7c0c72f147015fcd8ee3b68c3129f6a4493b78564dae124fd4901568341
LCLO,M4_seed3408,474279,54323,1,0.1145380672557714,0.23936699678757636,0.012478001306208577,0.005129037524051112,2.4328153669566,0.0014292061528281214,0.0045415674791639705,3015,0.8221623366302215,1.0033831922929763,0.37545881960930777,frozen_valMSE,2c05f118d220cd43d8a57410e972ca865f7ecd43b42e0849dbf6e1a0d018d010
LCLO,M4_seed3409,486991,54319,1,0.11154004899474529,0.20628397044871122,0.011251244558079654,0.005434920664746472,2.070176411416762,0.001254964369260066,0.004828709347518097,2904,0.8243982304039341,1.007804791166355,0.34959242586607,frozen_valMSE,fb8c093468f3480a7359650fef4cfd68254073ed2283398e6ef96b86008a4c10
LCLO,M4_seed3410,570863,54322,1,0.09515768231607233,0.24696014862043453,0.015168425713815418,0.004864100542046538,3.1184441157611027,0.0014433922353101901,0.004401244007913039,3051,0.8201212451702765,0.9804175340615949,0.4120425184436676,frozen_valMSE,6ec257b450e60ad2275781e03162f6d256b3290f83f1f4fd4a181d0bd1b761f5
LCLO,M4_seed3411,530351,54322,1,0.10242650621946597,0.1949376732884313,0.011193998838871441,0.005275472015598166,2.121895217295015,0.0011465621916903607,0.004735123848381881,2876,0.8549239128652922,0.9860829361982775,0.4055415884144818,frozen_valMSE,5fb147b5c65d6be242a8ac11107b15e2d5ec17a7758693fa2d4dc5e783062483
LSO,M0_seed3407,468871,9112,1,0.01943391679161219,0.6324155921021716,0.43136101717668734,0.0049691130662696805,86.80845282124172,0.008383034114956939,0.0048725437364116825,2721,0.2966420738486563,0.32217964833831664,0.12029386799489955,frozen_valMSE,05e539b6d3e9aac80205097b19f72021ea8b19fb11fbfd87b487a1d76c6704dd
LSO,M0_seed3408,466230,9110,1,0.019539712159234713,0.6343102445483175,0.4483796358304837,0.005151635204380531,87.03637156785057,0.008761209022190134,0.005050973735337555,3470,0.365379455107669,0.44295158136624,0.2612965032907594,frozen_valMSE,1306db533e6451715ff01114734199b58950b64ad4db71d198a32cfebbea7e10
LSO,M0_seed3409,459058,9110,1,0.019844986907972414,0.641852546205917,0.44993821979182985,0.005083180557907586,88.51509692920294,0.008929018081165278,0.00498230490628505,1970,0.5517701186897577,0.5642678670909768,0.5375335925531626,frozen_valMSE,d33cc09d8aa0742d78faa6eb23eb8f282717589c8f4cca6e5695b87a8cb1ff9c
LSO,M0_seed3410,475001,9112,1,0.019183117509226296,0.6434629477069864,0.4727140943199887,0.0051228416433202265,92.27575772059436,0.009068130019607826,0.005024569570095256,3873,0.5902248572596175,0.6461690031567905,0.2208876083805674,frozen_valMSE,96ebad123937b451e035bb5f83ec6c37cda1ee9af8406dbb465ba46d429c197f
LSO,M0_seed3411,474086,9110,1,0.01921592284944082,0.6411422994430575,0.4445954015153287,0.004875516670985938,91.18939212352682,0.00854331093473472,0.00478182911878511,2998,0.3006817966233017,0.33819848971249206,0.03241489419816635,frozen_valMSE,c53fd7dd97919375b40346d96956a17b350521a3d67024813ffa7a4ee02cb0af
LSO,M4_seed3407,468871,9112,1,0.01943391679161219,0.6514718190677637,0.4597814322609971,0.004875028578526189,94.3135870600368,0.008935354096888495,0.004780287678774379,2721,0.3437646352715289,0.36622223447349805,0.1617462736925431,frozen_valMSE,6e1468f91eace78a64290c15a7781097069a3372c81363d4bc1cd610e8eabd43
LSO,M4_seed3408,466230,9110,1,0.019539712159234713,0.6547051486739343,0.4840618320406248,0.005087838771480251,95.14095351331117,0.009458428865345628,0.004988423866372933,3470,0.3803179473619791,0.4763026710549057,0.23874356899872098,frozen_valMSE,be12ba873121c278ff04686955609786a0594d8d18f5edf8859fa88e24a2d4d3
LSO,M4_seed3409,459058,9110,1,0.019844986907972414,0.6517773591756764,0.4671351270973186,0.005053081603900825,92.44559334579209,0.009270290481500316,0.004952803265626497,1970,0.26337544585684347,0.17697264297708148,0.6752941955904515,frozen_valMSE,e32d06a6c2d4fa1010d8b550a4c5f205c0701f0eb704535b2da694f5a10c18af
LSO,M4_seed3410,475001,9112,1,0.019183117509226296,0.6403744978425001,0.4557990682024072,0.005006349217307408,91.04420175617554,0.008743647085922627,0.004910311831979577,3873,0.5742727349112122,0.6301800223553263,0.2336213492483958,frozen_valMSE,cf4acf20b50fa079e2e03deee63f365bf16e0ede835490a52dcb5ab2fca29dcd
LSO,M4_seed3411,474086,9110,1,0.01921592284944082,0.6575224481497419,0.4683897226501485,0.004779877021544237,97.99200283584402,0.009000540773916236,0.004688027273468428,2998,0.1398560813788603,0.1629911232233224,0.005459343084234876,frozen_valMSE,1cac461659bdbcaac841b829720ba7d78cf130ca321833bce8b446d8b3d94949
