split,side,metric,spread,median_seed_sd,ratio,verdict
LCLO,drug,rawPCC,0.34636686058356103,0.014673694780861151,23.604611228204508,separable
LCLO,drug,sharedPCC,0.37706649036497863,0.0114291044328453,32.99177924049357,separable
LCLO,drug,intPCC,0.1897142759654901,0.0549825546588517,3.450444911892572,marginal
LCLO,transcriptome,rawPCC,0.051955525470947395,0.00970008472748715,5.3561929540389395,separable
LCLO,transcriptome,sharedPCC,0.03097258024931937,0.00789295663276625,3.9240783511646367,marginal
LCLO,transcriptome,intPCC,0.3054881877617966,0.051429955650971346,5.9398882206896655,separable
LSO,drug,rawPCC,0.46500451564436807,0.009704210383536551,47.91781064776383,separable
LSO,drug,sharedPCC,0.5119214457548115,0.00947664340806525,54.01927915944716,separable
LSO,drug,intPCC,0.3019891005895883,0.0094590670328029,31.925886511040314,separable
LSO,transcriptome,rawPCC,0.018614802304940503,0.010592845536160751,1.7572995132795275,NOT separable
LSO,transcriptome,sharedPCC,0.017535637187035436,0.009848721871191051,1.7804987709450637,NOT separable
LSO,transcriptome,intPCC,0.035189744994387595,0.01262376236236245,2.787579802619326,marginal
