split,seed,predictor,n,retired_residual_pcc,rawPCC,sharedPCC,intPCC,sd_interaction_pred,sd_interaction_true,emits_interaction,selection_rule
LCLO,3407,constant,557484,0.056162551045417786,1.8119293819741498e-17,-0.004960497721921578,-1.360290343307998e-09,2.2886011823752385e-17,0.07024493372395596,False,not_applicable
LCLO,3407,model_M0,557484,0.2840084731578827,0.8670633196787936,0.9661016803695178,0.316047757799909,0.024285373544645543,0.07024493372395596,True,frozen_valMSE
LCLO,3407,shuffled,557484,0.04220321774482727,0.0009017929048460987,0.004696928525042315,-0.0008972332546105553,0.11068917715067046,0.07024493372395596,True,frozen_valMSE
LCLO,3407,train_marginal,557484,0.14504124224185944,0.8627050123436409,0.9745778891355457,-1.1378460952744608e-09,2.0939837675478465e-18,0.07024493372395596,False,not_applicable
LCLO,3408,constant,474279,0.07497518509626389,-1.4316196622578831e-16,0.001052360183064176,-1.8009941253379091e-09,1.3793725282510337e-17,0.07253531873672882,False,not_applicable
LCLO,3408,model_M0,474279,0.25508278608322144,0.8565770008120095,0.9607555175173778,0.3560535643103252,0.025830695665106106,0.07253531873672882,True,frozen_valMSE
LCLO,3408,shuffled,474279,0.05524592846632004,-0.0005009972391556123,-0.00407408206442074,0.0015327116567016392,0.1201886972393275,0.07253531873672882,True,frozen_valMSE
LCLO,3408,train_marginal,474279,0.04272717610001564,0.8371607179076654,0.9588803347441033,1.7440803968865806e-10,1.1912730248034607e-18,0.07253531873672882,False,not_applicable
LCLO,3409,constant,486991,0.04121501371264458,,-0.032850616012925035,1.7087793452731136e-09,2.979469042487381e-17,0.07118911153780173,False,not_applicable
LCLO,3409,model_M0,486991,0.19853895902633667,0.8534533539592777,0.9642292799003385,0.250719001239848,0.02601066916391794,0.07118911153780173,True,frozen_valMSE
LCLO,3409,shuffled,486991,0.029314152896404266,-0.0022679273055626545,-0.007349999194264489,-0.0002516201826977716,0.11853531634037574,0.07118911153780173,True,frozen_valMSE
LCLO,3409,train_marginal,486991,0.07389115542173386,0.8550082068158119,0.9733612640648002,-3.926501121012909e-10,9.891092156025277e-19,0.07118911153780173,False,not_applicable
LCLO,3410,constant,570863,0.10378024727106094,-1.4414207501549038e-16,-0.009762188160989822,-6.259936971903785e-10,1.4398291352638726e-17,0.06965669319802581,False,not_applicable
LCLO,3410,model_M0,570863,0.14586609601974487,0.8466118897636954,0.9513611734204628,0.3172815001686656,0.019329642025299448,0.06965669319802581,True,frozen_valMSE
LCLO,3410,shuffled,570863,0.07056516408920288,-0.0008058790403054119,-0.0020392641591240263,-0.000558464688982792,0.1342609569616943,0.06965669319802581,True,frozen_valMSE
LCLO,3410,train_marginal,570863,0.05040237680077553,0.8426415219038229,0.961775689440654,1.2788655975181316e-09,1.1634100997449513e-18,0.06965669319802581,False,not_applicable
LCLO,3411,constant,530351,0.05918191000819206,3.0957612886832983e-16,-0.005949168136040654,-7.946865215343601e-10,1.3107242884670817e-17,0.07171979148140907,False,not_applicable
LCLO,3411,model_M0,530351,0.3105345070362091,0.8666961671004044,0.9714281271743976,0.33714820983788746,0.027797280739335427,0.07171979148140907,True,frozen_valMSE
LCLO,3411,shuffled,530351,0.040352679789066315,-0.0009453313623729466,0.003666677862913626,-0.004341093443027763,0.11802530257280099,0.07171979148140907,True,frozen_valMSE
LCLO,3411,train_marginal,530351,0.080520860850811,0.8483146163960993,0.9671748933649519,-3.460996546998164e-10,1.0003821089736172e-18,0.07171979148140907,False,not_applicable
LSO,3407,constant,468871,0.04088986665010452,1.2809345770318424e-16,-0.043239475565520206,-2.7722830060338763e-10,9.493724196452e-17,0.07257521064033466,False,not_applicable
LSO,3407,model_M0,468871,0.10796553641557693,0.6157057909202555,0.6924659758702977,0.2868636133219577,0.0270498445111963,0.07257521064033466,True,frozen_valMSE
LSO,3407,shuffled,468871,0.031838253140449524,-0.0006469608309425171,-0.00620752306475335,0.00023197319217113657,0.10351815987445771,0.07257521064033466,True,frozen_valMSE
LSO,3407,train_marginal,468871,0.01882055774331093,0.19694694445476862,0.2277449273241424,-1.7383022188586143e-09,1.217581583111566e-10,0.07257521064033466,False,not_applicable
LSO,3408,constant,466230,0.04403572902083397,3.822877069319757e-16,-0.02209375239846959,1.5964550974300253e-09,1.664047013502389e-16,0.07477200295893038,False,not_applicable
LSO,3408,model_M0,466230,0.11808881908655167,0.6357512201417289,0.7083218950917771,0.3154098100675792,0.02762338114976899,0.07477200295893038,True,frozen_valMSE
LSO,3408,shuffled,466230,0.035258661955595016,-0.0011840131265476424,-0.010135581121426552,9.475531652323739e-05,0.10079557300248516,0.07477200295893038,True,frozen_valMSE
LSO,3408,train_marginal,466230,0.021938512101769447,0.19647525586284822,0.22562142282348346,-1.6409751894254272e-09,1.1996157407574946e-10,0.07477200295893038,False,not_applicable
LSO,3409,constant,459058,0.03257587552070618,8.097916694854748e-17,-0.020673064301763727,3.619355290741216e-10,1.0142522866570263e-16,0.07383141134965943,False,not_applicable
LSO,3409,model_M0,459058,0.10924950987100601,0.6243664958122569,0.6964594391844003,0.30120710633584635,0.02731599811638416,0.07383141134965943,True,frozen_valMSE
LSO,3409,shuffled,459058,0.025721454992890358,-0.001323333570049828,-0.010431531616762314,-6.074856068849219e-05,0.10247835234561722,0.07383141134965943,True,frozen_valMSE
LSO,3409,train_marginal,459058,0.018265534192323685,0.2022777868953964,0.23213464167732825,1.7562159725839811e-09,1.1895209796216339e-10,0.07383141134965943,False,not_applicable
LSO,3410,constant,475001,0.03780816122889519,8.390169988156769e-17,0.019485709783232465,1.6446869569978515e-09,1.2115675773047944e-16,0.0733557752354149,False,not_applicable
LSO,3410,model_M0,475001,0.09794246405363083,0.6201456561843833,0.6952794389704493,0.27503181328836657,0.027284135939146185,0.0733557752354149,True,frozen_valMSE
LSO,3410,shuffled,475001,0.03053436055779457,0.0029488549298859273,0.014810221337696645,0.0023920214492828135,0.11124603853991206,0.0733557752354149,True,frozen_valMSE
LSO,3410,train_marginal,475001,0.019044581800699234,0.20077661989482873,0.2305729504491159,1.732602302187899e-09,1.2268054424188536e-10,0.0733557752354149,False,not_applicable
LSO,3411,constant,474086,0.044873565435409546,1.0089328890565679e-16,-0.017241949553680073,-1.193450899669232e-09,1.390426083510181e-16,0.07148079433505747,False,not_applicable
LSO,3411,model_M0,474086,0.1101517379283905,0.6195374377917136,0.6940369497194898,0.2761627326260028,0.027614710675806627,0.07148079433505747,True,frozen_valMSE
LSO,3411,shuffled,474086,0.03517675772309303,0.00021325581231342971,0.0024644023137532383,-0.00017867674226746508,0.10044679580976895,0.07148079433505747,True,frozen_valMSE
LSO,3411,train_marginal,474086,0.015459859743714333,0.18589181513704517,0.2129985156562829,-1.7707081630557576e-09,1.2581870975028589e-10,0.07148079433505747,False,not_applicable
PDO_primary,3407,constant,7479,-0.04933903366327286,-1.8344766393086148e-16,1.2203910338953232e-16,-4.064622583938457e-11,6.4038756723700535e-18,0.2407299084262412,False,not_applicable
PDO_primary,3407,shuffled,7479,-0.012300044298171997,0.016527289356604837,0.082585281534564,0.008350050959253926,0.3874491063985875,0.2407299084262412,True,not_applicable
PDO_primary,3407,train_marginal,7479,0.03052583336830139,0.4650583591267317,0.5878247643862508,-3.227551818526349e-11,4.25022409040609e-18,0.2407299084262412,False,not_applicable
PDO_primary,3408,constant,7479,-0.048545390367507935,,0.07431363630225839,4.415565775265933e-11,1.1598811333594465e-17,0.2407299084262412,False,not_applicable
PDO_primary,3408,shuffled,7479,-0.021909553557634354,0.00315396749399183,0.02891804191331828,-0.0012475167275059437,0.3878156823245681,0.2407299084262412,True,not_applicable
PDO_primary,3408,train_marginal,7479,0.03046892210841179,0.4655308894507058,0.5884220335694362,3.9532271478236284e-11,6.024735802190279e-18,0.2407299084262412,False,not_applicable
PDO_primary,3409,constant,7479,-0.04747499153017998,,-0.040686434374808005,-4.299592914981741e-11,1.6976824526798938e-17,0.2407299084262412,False,not_applicable
PDO_primary,3409,shuffled,7479,-0.016326691955327988,-0.003022276971798335,-0.029548097708141697,0.0014509029997248105,0.3880854633892417,0.2407299084262412,True,not_applicable
PDO_primary,3409,train_marginal,7479,0.030283179134130478,0.46365451869162966,0.5860503372486623,4.808791300971012e-11,1.4054724028041654e-17,0.2407299084262412,False,not_applicable
PDO_primary,3410,constant,7479,-0.051378339529037476,1.8344766393086148e-16,-1.2203910338953232e-16,-3.152230598340904e-11,4.3078320752617254e-18,0.2407299084262412,False,not_applicable
PDO_primary,3410,shuffled,7479,-0.03247976675629616,-0.00884109092563478,0.02571276381882347,-0.020279221594069096,0.3880939995354515,0.2407299084262412,True,not_applicable
PDO_primary,3410,train_marginal,7479,0.02988944575190544,0.4651202230834879,0.5879029592300173,4.5760992189823096e-11,6.365727338527898e-18,0.2407299084262412,False,not_applicable
PDO_primary,3411,constant,7479,-0.0516141876578331,1.8344766393086148e-16,-1.2203910338953232e-16,-3.152230598340904e-11,4.3078320752617254e-18,0.2407299084262412,False,not_applicable
PDO_primary,3411,shuffled,7479,-0.009556422010064125,0.027516165825607192,0.14119017363574454,0.012904299672934742,0.3873939827012305,0.2407299084262412,True,not_applicable
PDO_primary,3411,train_marginal,7479,0.03050249069929123,0.4663509120446092,0.5894585262560295,1.2714494866543621e-11,2.266255496562848e-18,0.2407299084262412,False,not_applicable
