drug_rep,gene_rep,decoder,seed,weight_decay,n_params,best_epoch,n,rawPCC,sharedPCC,intPCC,A_int,MSE_raw,E_shared,E_interaction,sd_M_yhat
ECFP4,BulkFormer,bilinear,3407,selected,88705,25,557484,0.25841120043618887,0.33426521689009686,0.06293480655527728,1.672071999681237,0.04831400357020963,0.030622571424636303,0.017691432144971053,0.11745458679929101
ECFP4,BulkFormer,bilinear,3407,wd1e-1,88705,7,557484,0.541024257867967,0.6154247531037276,0.08551533613605762,0.26208396992806954,0.017224927430057015,0.012172825297390283,0.005052102133563937,0.01841007109770851
ECFP4,BulkFormer,bilinear,3407,wd1e-3,88705,14,557484,0.35158740075664263,0.40862232536082366,0.11345732503003358,0.8946107570295553,0.030050807458591153,0.02216903031010281,0.007881777147853911,0.06284187333627918
ECFP4,BulkFormer,bilinear,3407,wd1e1,88705,30,557484,0.27857978714425674,0.31470531914847694,-0.024265529674580847,1.3262886657355389e-05,0.0246587651417896,0.01972441124999286,0.004934353890804688,9.31650594234269e-07
ECFP4,BulkFormer,bilinear,3408,wd1e-1,88705,8,474279,0.5333630991521281,0.6112338512831995,0.08647524803692039,0.19957010020127758,0.017358758456658217,0.012069435072734303,0.0052893233847751756,0.014475880828420577
ECFP4,BulkFormer,bilinear,3408,wd1e-3,88705,13,474279,0.29361940116973545,0.3619671678440264,0.06067301903866618,1.157752542643339,0.041902017056112434,0.03032751185134509,0.011574505205682898,0.08397794969889283
ECFP4,BulkFormer,bilinear,3408,wd1e-5,88705,18,474279,0.26639009785059625,0.37982284554747775,0.039707053042966484,1.8651428504218208,0.05327300325895669,0.03048789741880181,0.022785105840963434,0.1352887311448777
ECFP4,BulkFormer,bilinear,3408,wd1e1,88705,8,474279,0.3429242468344864,0.3927839773244704,0.00789837565378743,2.7656601578798583e-08,0.025258720957889863,0.019997348494955068,0.0052613724619402355,2.0060804106928727e-09
ECFP4,BulkFormer,bilinear,3409,wd1e-1,88705,17,486991,0.523752830179765,0.5990108844543701,0.07709277096300256,0.23220913669508356,0.016705848913320318,0.01154614034345268,0.005159708569108844,0.016530762132282953
ECFP4,BulkFormer,bilinear,3409,wd1e-3,88705,21,486991,0.29643928035085115,0.3587618436322709,0.05953640140541694,1.107449205004832,0.0396412611440203,0.029026177864883127,0.010615083279180147,0.07883832497753883
ECFP4,BulkFormer,bilinear,3409,wd1e-5,88705,21,486991,0.23243089969582947,0.31672304459211226,0.04010171541057456,2.0035764399152445,0.06192240441386515,0.03732476952679528,0.024597634887789235,0.14263282665563806
ECFP4,BulkFormer,bilinear,3409,wd1e1,88705,29,486991,0.29753540216970253,0.3387212842268897,-0.002288689983182914,2.8651629547613022e-05,0.027007931901331293,0.021940041630235642,0.005067890270352544,2.0396840516047993e-06
ECFP4,BulkFormer,ridge,3407,selected,2689,25,557484,0.3961252951980904,0.4474935792603186,0.012576545606070424,6.25335474239125e-08,0.022096990538258796,0.01716263983257334,0.004934350706121686,4.39266489431659e-09
ECFP4,BulkFormer,ridge,3407,wd1e-1,2689,30,557484,0.5286211293665263,0.5971710570245938,0.01703253516820682,4.684710040468324e-08,0.01744998348794473,0.012515632782796653,0.0049343507060084935,3.2907714630864848e-09
ECFP4,BulkFormer,ridge,3407,wd1e-3,2689,25,557484,0.42995568265636847,0.4857109852764884,0.0050706564581788445,5.838202844707982e-08,0.020386951636923174,0.015452600926418035,0.004934350710961499,4.101041718935234e-09
ECFP4,BulkFormer,ridge,3407,wd1e1,2689,30,557484,0.27858037911503664,0.3147058078857936,0.0025905340020096765,3.5570457168341654e-08,0.024658744793770677,0.01972439407980503,0.004934350712973607,2.4986444063209736e-09
ECFP4,BulkFormer,tower,3407,selected,3812353,14,557484,0.8521304649112141,0.9519681434890067,0.2994033969831408,0.39336381649172547,0.0065333494940463446,0.0019977625784169555,0.004535586915919072,0.02763181521886363
ECFP4,BulkFormer,tower,3408,selected,3812353,28,474279,0.8329730837249503,0.9417980634311497,0.29563251503838417,0.3845422335644193,0.00704814552836725,0.0022050187438428536,0.004843126784621045,0.027892893479328773
ECFP4,BulkFormer,tower,3409,selected,3812353,28,486991,0.8500026292994286,0.9589708541188815,0.28047301053567913,0.4073957367762956,0.00624070553430812,0.0014898414722788252,0.00475086406186311,0.029002140545392623
ECFP4,CellPLM,bilinear,3407,selected,84481,19,557484,0.5398410592195,0.6315428661575423,0.0948834848255075,0.45575474323480875,0.016341578341462028,0.010809060027199393,0.005532518314002356,0.03201446173290771
ECFP4,CellPLM,bilinear,3407,wd1e-1,84481,2,557484,0.5423448952031887,0.6135402353650126,0.06741466942360577,0.1555924894639679,0.016208501276665784,0.011258209696813837,0.004950291579404337,0.01092958411034174
ECFP4,CellPLM,bilinear,3407,wd1e-3,84481,21,557484,0.5417849515282487,0.6272083327604101,0.08650254185010761,0.37591829248862424,0.016215066414492985,0.010904329413315424,0.005310737000828068,0.026406355541486102
ECFP4,CellPLM,bilinear,3407,wd1e1,84481,18,557484,0.31757907414562914,0.3587617661758571,-0.001179755468602584,4.106110101058476e-05,0.0265087095172168,0.021574358316052863,0.004934351200262561,2.8843343191211877e-06
ECFP4,CellPLM,bilinear,3408,wd1e-1,84481,27,474279,0.5363136470128298,0.6138580754802783,0.07628565461682076,0.14748842752489333,0.01583276851159202,0.01057534032108581,0.005257428190976223,0.010698120100497066
ECFP4,CellPLM,bilinear,3408,wd1e-3,84481,14,474279,0.5459663416410152,0.6362844602453205,0.12266282654903791,0.4023002834704242,0.015716124763933876,0.01012249169191728,0.005593633072082688,0.029180979289403573
ECFP4,CellPLM,bilinear,3408,wd1e-5,84481,24,474279,0.5416886680625589,0.6410496326002539,0.1067691011028758,0.470798092168438,0.015884710898792367,0.009986094337283664,0.005898616561558593,0.03414948967608148
ECFP4,CellPLM,bilinear,3408,wd1e1,84481,23,474279,0.33217017201960103,0.38046635914619364,-0.0031396424535322744,2.176472765035583e-05,0.025200627845756756,0.019939254658978778,0.0052613731857867755,1.578711457336655e-06
ECFP4,CellPLM,bilinear,3409,wd1e-1,84481,5,486991,0.5594409714776705,0.634822161515405,0.1167106698763444,0.18920502117999954,0.015374611040805786,0.01034911914788514,0.005025491893103809,0.013469337356295127
ECFP4,CellPLM,bilinear,3409,wd1e-3,84481,13,486991,0.577318710165336,0.6651758098800975,0.15281166795133805,0.40726901250353975,0.01485570992701454,0.009578024218931117,0.005277685708168949,0.028993119157004858
ECFP4,CellPLM,bilinear,3409,wd1e-5,84481,13,486991,0.5703637535137845,0.6726941817756996,0.1331877159912462,0.4998314949736176,0.015064058172066255,0.009404803156905315,0.005659255015289638,0.03558256004578305
ECFP4,CellPLM,bilinear,3409,wd1e1,84481,30,486991,0.30681219859474423,0.34928186674406836,0.012057595990267646,3.3565533712895616e-05,0.026458793366576524,0.021390907860656835,0.005067885505102335,2.38950052331317e-06
ECFP4,CellPLM,ridge,3407,selected,2561,2,557484,0.5397698444868124,0.6097655026950529,0.007348258596750671,5.5885380384865694e-08,0.01618726092045668,0.011252910210351614,0.0049343507098302975,3.925664841272959e-09
ECFP4,CellPLM,ridge,3407,wd1e-1,2561,2,557484,0.5367834881535557,0.6063918850532212,0.00806422738668886,5.398382885357786e-08,0.016330568048035746,0.01139621733796919,0.0049343507095867606,3.792090479984958e-09
ECFP4,CellPLM,ridge,3407,wd1e-3,2561,2,557484,0.5397790966409077,0.6097759546732345,0.006493999336288276,5.157275698050536e-08,0.01618734592624256,0.011252995215381955,0.0049343507105778185,3.622724896057286e-09
ECFP4,CellPLM,ridge,3407,wd1e1,2561,18,557484,0.3175794271603375,0.3587621301308275,-0.0015210894289174872,2.7325705330442473e-08,0.02650863530623054,0.021574284591036004,0.004934350714293158,1.9194923598972817e-09
ECFP4,CellPLM,tower,3407,selected,3681281,23,557484,0.8686969416282904,0.9701438810000927,0.2825340176642649,0.29329064875059724,0.005682852488147626,0.001141817715107792,0.004541034772993157,0.020602182183341748
ECFP4,CellPLM,tower,3408,selected,3681281,17,474279,0.8324148867121559,0.9455025734708031,0.222766432402416,0.2650964721948887,0.0068572198888009,0.0018475149226839008,0.005009704966108906,0.01922885710663862
ECFP4,CellPLM,tower,3409,selected,3681281,30,486991,0.8663424971547168,0.9712126801036451,0.3195091292734042,0.3852656111659099,0.0055727345291444845,0.0010002928061644226,0.00457244172296654,0.02742671656496931
ECFP4,raw,bilinear,3407,selected,594298,7,557484,0.0953360734301914,0.11008869072058627,0.019699556123662768,2.0571158373745835,0.21908944725059057,0.19367420036864685,0.025415246882896345,0.1445019656588778
ECFP4,raw,bilinear,3407,wd1e-1,594298,5,557484,0.4707453420394879,0.5357386060615575,0.0805114780905177,0.3068839350098187,0.019478184437909545,0.01432296038613814,0.005155224050596053,0.021557041675711524
ECFP4,raw,bilinear,3407,wd1e-3,594298,29,557484,0.1239136442658628,0.1351209790577963,0.08484341912485338,0.6815306445742014,0.13102058062691546,0.12436494463287787,0.006655635994383681,0.04787407495895977
ECFP4,raw,bilinear,3407,wd1e1,594298,19,557484,0.3226218485662685,0.3644605545917011,-0.00799002170572597,0.00040189254467819745,0.026487830249316772,0.021553447047865323,0.004934383200552287,2.823091516507199e-05
ECFP4,raw,bilinear,3408,wd1e-1,594298,4,474279,0.45586505802202515,0.527523195913582,0.07341932344036618,0.3625284298699942,0.020255663701558457,0.014582885169697565,0.0056727785304717775,0.026296115211745866
ECFP4,raw,bilinear,3408,wd1e-3,594298,30,474279,0.2020268156899428,0.22662515047162088,0.08376487126983274,0.8700024956799536,0.10553686916542561,0.09705999288072549,0.008476876284416898,0.06310590832589497
ECFP4,raw,bilinear,3408,wd1e-5,594298,8,474279,0.15268128539486286,0.18023778444046873,0.03155862508616531,1.8535940017732615,0.15189446115583183,0.12917155648659406,0.02272290466869253,0.1344510317271122
ECFP4,raw,bilinear,3408,wd1e1,594298,30,474279,0.3400192635306603,0.389454826069676,0.00930105040634883,0.00030566509372038393,0.02689973149502232,0.021638388454402538,0.005261343039583279,2.2171514999700134e-05
ECFP4,raw,bilinear,3409,wd1e-1,594298,15,486991,0.46652055766939743,0.5432483619707542,0.062317047782498955,0.4040453486356527,0.01935520961377119,0.013715181541098121,0.005640028071492943,0.02876362939035347
ECFP4,raw,bilinear,3409,wd1e-3,594298,29,486991,0.14033143991851213,0.15268717955243327,0.10098311469139223,0.689650427504842,0.09957839829957583,0.0928060171999793,0.006772381099529962,0.04909560120573484
ECFP4,raw,bilinear,3409,wd1e-5,594298,16,486991,0.10587722098536018,0.12120554642751138,0.023329207596341765,1.1981112926093451,0.13392449367470727,0.12186510222732172,0.012059391447269602,0.08529247844426648
ECFP4,raw,bilinear,3409,wd1e1,594298,15,486991,0.3203260441067578,0.36466339468504716,0.0035869394026661837,0.0017046796758741812,0.026316779690722467,0.021248937337435717,0.005067842352428034,0.00012135463158203079
ECFP4,raw,ridge,3407,selected,18010,1,557484,0.09157543955459471,0.10345065493649591,0.003832637079349097,1.6530275554971297e-07,0.21430017110425134,0.20936582039778895,0.004934350707630832,1.161168110797688e-08
ECFP4,raw,ridge,3407,wd1e-1,18010,19,557484,0.4809851923648728,0.5433578414406196,0.01260990911466681,5.331741772576151e-08,0.01851162479445181,0.013577274086341582,0.004934350707247979,3.745278474478592e-09
ECFP4,raw,ridge,3407,wd1e-3,18010,29,557484,0.12189229478832828,0.13769890480444147,-0.00033406002995144455,1.20052079351237e-07,0.11219268300944821,0.1072583322955778,0.004934350714278816,8.433050357450745e-09
ECFP4,raw,ridge,3407,wd1e1,18010,19,557484,0.32260031626738445,0.364434112349869,-0.0015256780278956187,2.852459236569472e-08,0.026487715514884512,0.0215533647996726,0.004934350714312449,2.003708100231086e-09
ECFP4,raw,tower,3407,selected,19501057,28,557484,0.8683435704353535,0.9644935990689943,0.34266771826758374,0.3553509585817965,0.005804837487746741,0.0014490902215363432,0.004355747266115237,0.024961604534322515
ECFP4,raw,tower,3408,selected,19501057,27,474279,0.8511321582541762,0.9503407345215216,0.38939457956285045,0.38780290839936066,0.006163206781618309,0.001699593101288857,0.004463613680293151,0.028129407567778077
ECFP4,raw,tower,3409,selected,19501057,28,486991,0.8481701697651266,0.9568249419063518,0.2633189878377182,0.35828566776130005,0.006298869600852999,0.0015366660742050105,0.004762203526383023,0.025506038364654964
ECFP4,scGPT,bilinear,3407,selected,84481,7,557484,0.32187183484090426,0.4679475097814967,0.031750480828965505,1.5377655780922652,0.03385818391596404,0.017737298049861204,0.01612088586566163,0.10802024111607199
ECFP4,scGPT,bilinear,3407,wd1e-1,84481,10,557484,0.5505954688463158,0.6211012923523168,0.10251057907767223,0.18370382336003613,0.016234811921250213,0.011319784499879975,0.004915027421941837,0.01290426289676305
ECFP4,scGPT,bilinear,3407,wd1e-3,84481,19,557484,0.41973924963610565,0.5069146061693112,0.06777491470037153,0.7520877491631919,0.02268751272849119,0.015465149891022328,0.007222362837680041,0.05283035409456763
ECFP4,scGPT,bilinear,3407,wd1e1,84481,30,557484,0.33133337306467164,0.3742995947991406,0.00597855586163064,1.1764295406350282e-05,0.024091386724023216,0.01915703670253017,0.004934350020465589,8.263821511281151e-07
ECFP4,scGPT,bilinear,3408,wd1e-1,84481,14,474279,0.5493416626560798,0.6262549808306365,0.12364565723290157,0.18807130507903067,0.015722416737391262,0.010519643253853635,0.005202773484084101,0.013641812059140055
ECFP4,scGPT,bilinear,3408,wd1e-3,84481,15,474279,0.37466746752237956,0.45758825066081227,0.060042358046291405,0.828387595631714,0.026666800199353177,0.018318321023039572,0.008348479176532751,0.060087358286698804
ECFP4,scGPT,bilinear,3408,wd1e-5,84481,22,474279,0.26246836801134976,0.33595639761287777,0.029310461708898106,1.3990398494021543,0.04870124934452505,0.03357322776916007,0.015128021575463672,0.10147980140177035
ECFP4,scGPT,bilinear,3408,wd1e1,84481,12,474279,0.34733695173799595,0.39783827156719864,-0.010285003505708469,8.10328845962721e-08,0.024069894923846646,0.018808522449699844,0.00526137247300878,5.8777461123471595e-09
ECFP4,scGPT,bilinear,3409,wd1e-1,84481,17,486991,0.5474871264175121,0.6201888963116149,0.13581192563515618,0.22494705759088743,0.015731890870455838,0.010717213134085884,0.0050146777368213855,0.016013781172937995
ECFP4,scGPT,bilinear,3409,wd1e-3,84481,29,486991,0.3859135687440594,0.44337453262191134,0.11197360575776887,0.6604902202843702,0.02674575499416013,0.02021662868148032,0.006529126312602788,0.04701971196145127
ECFP4,scGPT,bilinear,3409,wd1e-5,84481,7,486991,0.3124287573970536,0.4116313496783452,0.03658601797578241,1.4718706688094974,0.041877591505355465,0.026376419884335513,0.01550117162235747,0.10478116521109813
ECFP4,scGPT,bilinear,3409,wd1e1,84481,17,486991,0.28618458990724027,0.3257991923063762,0.001490363667770144,1.2609534420625086e-05,0.02563634137829655,0.020568451965637512,0.005067889411867785,8.976615523096294e-07
ECFP4,scGPT,ridge,3407,selected,2561,27,557484,0.4990088626505806,0.5637187653112521,-0.01903503612872044,5.536977817584962e-08,0.017724755111015688,0.012790404387088544,0.004934350724284254,3.8894463982727e-09
ECFP4,scGPT,ridge,3407,wd1e-1,2561,10,557484,0.539392052388606,0.6093387197728136,0.003920235973165023,5.2797970035287106e-08,0.016607843832470024,0.011673493121238547,0.004934350711840351,3.7087899058881557e-09
ECFP4,scGPT,ridge,3407,wd1e-3,2561,27,557484,0.5111222084250412,0.5774029315405981,-0.010495728402706671,5.388650295267606e-08,0.017356009933525707,0.0124216592144066,0.004934350719464502,3.785253828526487e-09
ECFP4,scGPT,ridge,3407,wd1e1,2561,30,557484,0.331334731406664,0.37430117910235966,-0.00348518033187347,3.2192099718677356e-08,0.024091346907866115,0.01915699619184845,0.00493435071499019,2.261331911173472e-09
ECFP4,scGPT,tower,3407,selected,3681281,28,557484,0.865112527759291,0.968381470627501,0.29037831210709303,0.4006425363511108,0.005950313458499426,0.001372032227445513,0.004578281231009906,0.028143108412981396
ECFP4,scGPT,tower,3408,selected,3681281,13,474279,0.8482272621299838,0.9538292096399629,0.3313462491931195,0.3427770039192709,0.006352943052838181,0.00166853098150989,0.004684412071330984,0.02486343923490526
ECFP4,scGPT,tower,3409,selected,3681281,12,486991,0.8563893409558725,0.9638020015755985,0.2778121290367329,0.33742854921009574,0.0060210286535009455,0.0013262647624706257,0.004694763890869829,0.024021238625756128
KPGT,raw,bilinear,3407,selected,602746,21,557484,0.10428344021662578,0.12160272693766318,0.014479641939992283,2.2204468515858355,0.2552362469236983,0.22629094264692795,0.02894530427606995,0.1559751419272137
KPGT,raw,bilinear,3407,wd1e-1,602746,14,557484,0.3024212739355961,0.34671151913672793,0.0512372502553339,0.24772249170888136,0.022350013797679907,0.01723811925085444,0.005111894545640496,0.0174012500120236
KPGT,raw,bilinear,3407,wd1e-3,602746,28,557484,0.13313057754001448,0.14990029277175718,0.028111673346587613,0.8426852044589426,0.1568201914526496,0.14861565027527374,0.008204541178061034,0.0591943663373767
KPGT,raw,bilinear,3407,wd1e1,602746,16,557484,0.18614222018687038,0.21028055885536007,0.0010764136207026419,2.3669536345892496e-08,0.02967687163606945,0.024742520921481714,0.004934350713631533,1.662665011893985e-09
KPGT,raw,ridge,3407,selected,18266,1,557484,0.10893025212469051,0.12305598515880335,-0.0007154671265888541,1.7011743763082285e-07,0.23199549567212596,0.2270611449557836,0.004934350715084262,1.1949888131666363e-08
KPGT,raw,ridge,3407,wd1e-1,18266,7,557484,0.2653701632022616,0.2997825326144722,0.0017044811948743086,4.430373159047843e-08,0.026576846195920264,0.021642495483676156,0.004934350713137742,3.112112689297091e-09
KPGT,raw,ridge,3407,wd1e-3,18266,28,557484,0.14433298253997484,0.16304963048873033,-0.00180493293831306,1.2475561196418748e-07,0.1524457887169999,0.14751143800150235,0.004934350716105233,8.763449694115917e-09
KPGT,raw,ridge,3407,wd1e1,18266,16,557484,0.1865905432365766,0.21078701910426098,-0.0030074429085509067,2.43625321584319e-08,0.02968934921677096,0.02475499850120967,0.004934350714606039,1.7113444568167944e-09
KPGT,raw,tower,3407,selected,19632129,25,557484,0.8360071444760933,0.9331769372650566,0.27800972456076783,0.287444962680399,0.007365754034472799,0.0028123370872019074,0.004553416947770207,0.02019155235276962
MolCLR,raw,bilinear,3407,selected,543610,4,557484,0.01736255331362864,0.020325476436032792,0.0030270995761608704,1.9025687803918945,0.16983075421591698,0.14709203533183707,0.02273871888354229,0.13364581788389635
MolCLR,raw,bilinear,3407,wd1e-1,543610,7,557484,0.11905255709648453,0.13499943415338395,0.020275214239266436,0.2195185145082135,0.02644291244510681,0.021314706839667994,0.005128205604906439,0.015420063502810721
MolCLR,raw,bilinear,3407,wd1e-3,543610,29,557484,0.0045191377861299,0.005404507950459114,-0.00014294489990814574,1.4741726159631183,0.13432703696009493,0.11866735018864172,0.015659686771385403,0.10355315770600003
MolCLR,raw,bilinear,3407,wd1e1,543610,1,557484,0.1568803611351303,0.1772220653578579,0.011531511104013747,0.00024185824455755174,0.03056405091653271,0.02562972743711995,0.004934323478800049,1.6989316359537555e-05
MolCLR,raw,ridge,3407,selected,16474,1,557484,0.018954027121709714,0.021411925862656,-0.0013572424082368855,1.3483916281011114e-07,0.16498453739424782,0.16005018667769855,0.00493435071568912,9.471768054989964e-09
MolCLR,raw,ridge,3407,wd1e-1,16474,24,557484,0.2066652165762937,0.23346491287389012,0.0014353743845289173,4.479359707664177e-08,0.02338106666555912,0.018446715951793567,0.0049343507132484634,3.1465232579062885e-09
MolCLR,raw,ridge,3407,wd1e-3,16474,30,557484,0.02134992459613907,0.024118515769577246,0.00035772196237387024,1.1566118504349647e-07,0.10687244670746966,0.10193809599371541,0.00493435071347472,8.124612277814616e-09
MolCLR,raw,ridge,3407,wd1e1,16474,16,557484,0.14994974696777177,0.1693947593774618,-0.0017705528071254085,2.3033067341221128e-08,0.029799400150313474,0.024865049435446786,0.004934350714285425,1.6179562888434926e-09
MolCLR,raw,tower,3407,selected,18714625,27,557484,0.8170315059127718,0.9108349379054327,0.28764474355550645,0.297231160355114,0.008390611768718453,0.00386407329491613,0.004526538474223408,0.02087898315983951
UniMol,raw,bilinear,3407,selected,543610,11,557484,0.04637824818520908,0.05223040218101618,0.01394548370184375,1.3247342381201872,0.1558378873490013,0.14242645690388528,0.013411430444697931,0.09305586875860784
UniMol,raw,bilinear,3407,wd1e-1,543610,7,557484,0.20655053243352736,0.23523002726093112,0.015375651644128617,0.2062718416995641,0.02511485502552043,0.020001856416256795,0.0051129986086795665,0.014489551849304217
UniMol,raw,bilinear,3407,wd1e-3,543610,25,557484,0.04462683032043006,0.04714963602429275,0.05407229782944313,0.5765580553743697,0.120306823816692,0.11403986507734123,0.0062669587390196445,0.040500282387785524
UniMol,raw,bilinear,3407,wd1e1,543610,19,557484,0.2022761930189683,0.22852162698789913,-0.011183058661424704,0.0019024147301740378,0.028429902980167208,0.023495324452590623,0.004934578526997648,0.00013363499663655284
UniMol,raw,ridge,3407,selected,16474,2,557484,0.04146413653950767,0.04684107554627199,0.0007551198974500117,1.423104671772378e-07,0.1605657493786867,0.15563139866552983,0.00493435071282256,9.996589335090279e-09
UniMol,raw,ridge,3407,wd1e-1,16474,14,557484,0.3025312053421101,0.341762502002216,0.001227696991693361,4.2922848043180745e-08,0.021461279872401037,0.016526929158742574,0.004934350713362932,3.0151126160366642e-09
UniMol,raw,ridge,3407,wd1e-3,16474,30,557484,0.058488306786394856,0.06607288674542315,-0.00044998737139399493,1.151796685857452e-07,0.10459971845964502,0.09966536774498383,0.00493435071439452,8.090788186152884e-09
UniMol,raw,ridge,3407,wd1e1,16474,19,557484,0.20224004919064376,0.22846590374988548,-0.0009732716037240811,2.8817471183449615e-08,0.028429897902390394,0.02349554718765272,0.004934350714159759,2.024281353373429e-09
UniMol,raw,tower,3407,selected,18714625,27,557484,0.8370565485782926,0.9332607626399334,0.29418964334513037,0.31154242231794127,0.0074905759849241286,0.002981795391662401,0.004508780593698954,0.021884276807924482
