component,bin_centre,count,density
total_response,-0.53667,0,0.0
total_response,-0.51,0,0.0
total_response,-0.48333,0,0.0
total_response,-0.45667,0,0.0
total_response,-0.43,0,0.0
total_response,-0.40333,0,0.0
total_response,-0.37667,0,0.0
total_response,-0.35,0,0.0
total_response,-0.32333,0,0.0
total_response,-0.29667,0,0.0
total_response,-0.27,0,0.0
total_response,-0.24333,0,0.0
total_response,-0.21667,0,0.0
total_response,-0.19,0,0.0
total_response,-0.16333,0,0.0
total_response,-0.13667,0,0.0
total_response,-0.11,0,0.0
total_response,-0.08333,0,0.0
total_response,-0.05667,0,0.0
total_response,-0.03,0,0.0
total_response,-0.00333,683687,0.21761828066512184
total_response,0.02333,444996,0.1416426879885921
total_response,0.05,348231,0.11084228820249038
total_response,0.07667,268316,0.08540526087952942
total_response,0.10333,217360,0.0691859132693336
total_response,0.13,180874,0.05757238165567467
total_response,0.15667,152867,0.04865772452955107
total_response,0.18333,131716,0.04192533930890479
total_response,0.21,106035,0.03375105039342008
total_response,0.23667,86974,0.027683914338825086
total_response,0.26333,73416,0.023368388887474216
total_response,0.29,63519,0.020218163530340456
total_response,0.31667,56557,0.018002151715005982
total_response,0.34333,50941,0.016214573094649996
total_response,0.37,44588,0.014192406610475924
total_response,0.39667,39613,0.012608858954444756
total_response,0.42333,35166,0.011193374245626544
total_response,0.45,27887,0.008876461001757022
total_response,0.47667,21582,0.006869572967329582
total_response,0.50333,17232,0.005484963459041023
total_response,0.53,14340,0.004564436861806422
total_response,0.55667,12657,0.0040287362175651245
total_response,0.58333,10667,0.0033953171551526573
total_response,0.61,9172,0.0029194571057523364
total_response,0.63667,7801,0.002483066384864149
total_response,0.66333,6401,0.002037444933920705
total_response,0.69,5610,0.0017856688141376588
total_response,0.71667,4584,0.0014590919508033918
total_response,0.74333,3971,0.0012639734154974408
total_response,0.77,3250,0.001034478368261567
total_response,0.79667,2657,0.0008457258536833796
total_response,0.82333,2225,0.0007082198059636882
total_response,0.85,1833,0.0005834457996995239
total_response,0.87667,1370,0.000436072419851799
total_response,0.90333,1087,0.00034599322655394564
total_response,0.93,957,0.000304614091823483
total_response,0.95667,797,0.00025368592600137505
total_response,0.98333,733,0.0002333146596725319
total_response,1.01,11,3.5013114002699194e-06
total_response,1.03667,0,0.0
total_response,,0,0.0
additive,-0.53667,0,0.0
additive,-0.51,0,0.0
additive,-0.48333,0,0.0
additive,-0.45667,0,0.0
additive,-0.43,0,0.0
additive,-0.40333,0,0.0
additive,-0.37667,0,0.0
additive,-0.35,0,0.0
additive,-0.32333,0,0.0
additive,-0.29667,0,0.0
additive,-0.27,0,0.0
additive,-0.24333,0,0.0
additive,-0.21667,0,0.0
additive,-0.19,0,0.0
additive,-0.16333,0,0.0
additive,-0.13667,0,0.0
additive,-0.11,0,0.0
additive,-0.08333,19,6.047719691375315e-06
additive,-0.05667,1133,0.0003606350742278017
additive,-0.03,48369,0.015395902829059612
additive,-0.00333,284790,0.09064895215298821
additive,0.02333,502446,0.15992908252909271
additive,0.05,498688,0.15873290723434597
additive,0.07667,358370,0.11406954241043009
additive,0.10333,251154,0.07994257849303557
additive,0.13,193323,0.061534911257671056
additive,0.15667,160145,0.050974319472384205
additive,0.18333,132356,0.04212905197219322
additive,0.21,110839,0.03528016857222887
additive,0.23667,93806,0.029858547019429096
additive,0.26333,80984,0.02577729113085992
additive,0.29,73549,0.023410722925313845
additive,0.31667,65489,0.02084521657202516
additive,0.34333,57911,0.01843313131827557
additive,0.37,48975,0.015588793257110845
additive,0.39667,42077,0.013393152708105217
additive,0.42333,32904,0.010473377301316493
additive,0.45,23761,0.007563150925619414
additive,0.47667,18196,0.005791805658119223
additive,0.50333,14063,0.0044762674747268975
additive,0.53,10873,0.0034608871686486213
additive,0.55667,8800,0.0028010491202159356
additive,0.58333,7289,0.0023200962542334037
additive,0.61,5283,0.0016815843752387258
additive,0.63667,3768,0.0011993583051106414
additive,0.66333,3390,0.0010790405133559115
additive,0.69,3016,0.0009599959257467342
additive,0.71667,1905,0.0006063634743194724
additive,0.74333,968,0.0003081154032237529
additive,0.77,724,0.00023044995034503832
additive,0.79667,858,0.0002731022892210537
additive,0.82333,669,0.00021294339334368873
additive,0.85,333,0.0001059942451172621
additive,0.87667,89,2.8328792238547528e-05
additive,0.90333,18,5.7294186549871405e-06
additive,0.93,58,1.846146011051412e-05
additive,0.95667,173,5.506607929515419e-05
additive,0.98333,93,2.9601996384100227e-05
additive,1.01,21,6.684321764151664e-06
additive,1.03667,4,1.273204145552698e-06
additive,,1,3.183010363881745e-07
interaction,-0.53667,90,2.8647093274935703e-05
interaction,-0.51,104,3.3103307784370146e-05
interaction,-0.48333,151,4.8063456494614343e-05
interaction,-0.45667,201,6.397850831402306e-05
interaction,-0.43,328,0.00010440273993532123
interaction,-0.40333,520,0.00016551653892185074
interaction,-0.37667,772,0.0002457284000916707
interaction,-0.35,1112,0.00035395075246365005
interaction,-0.32333,1709,0.0005439764711873902
interaction,-0.29667,2601,0.0008279009956456418
interaction,-0.27,3654,0.0011630719869623895
interaction,-0.24333,5500,0.0017506557001349596
interaction,-0.21667,8679,0.0027625346948129664
interaction,-0.19,14337,0.004563481958697257
interaction,-0.16333,23165,0.007373443507932062
interaction,-0.13667,38607,0.012288648111838251
interaction,-0.11,68085,0.021671526062488858
interaction,-0.08333,138124,0.04396501235008021
interaction,-0.05667,318899,0.10150588220315246
interaction,-0.03,602703,0.19184098953426193
interaction,-0.00333,719606,0.22905133559114868
interaction,0.02333,531686,0.16923620483308294
interaction,0.05,283116,0.0901161162180744
interaction,0.07667,146979,0.046783568027297495
interaction,0.10333,79600,0.025336762496498688
interaction,0.13,47607,0.015153357439331822
interaction,0.15667,30141,0.009593911537775966
interaction,0.18333,19735,0.006281670953120624
interaction,0.21,13835,0.004403694838430394
interaction,0.23667,10040,0.0031957424053372717
interaction,0.26333,7108,0.0022624837666471442
interaction,0.29,5316,0.0016920883094395356
interaction,0.31667,4078,0.0012980316263909756
interaction,0.34333,3110,0.0009899162231672227
interaction,0.37,2321,0.000738776705456953
interaction,0.39667,1791,0.0005700771561712205
interaction,0.42333,1449,0.0004612182017264648
interaction,0.45,1083,0.000344720022408393
interaction,0.47667,884,0.00028137811616714626
interaction,0.50333,695,0.00022121922028978127
interaction,0.53,556,0.00017697537623182502
interaction,0.55667,408,0.00012986682284637518
interaction,0.58333,290,9.230730055257059e-05
interaction,0.61,215,6.843472282345752e-05
interaction,0.63667,160,5.0928165822107914e-05
interaction,0.66333,119,3.787782333019276e-05
interaction,0.69,91,2.896539431132388e-05
interaction,0.71667,65,2.0689567365231343e-05
interaction,0.74333,31,9.86733212803341e-06
interaction,0.77,28,8.912429018868886e-06
interaction,0.79667,18,5.7294186549871405e-06
interaction,0.82333,4,1.273204145552698e-06
interaction,0.85,4,1.273204145552698e-06
interaction,0.87667,4,1.273204145552698e-06
interaction,0.90333,3,9.549031091645233e-07
interaction,0.93,0,0.0
interaction,0.95667,1,3.183010363881745e-07
interaction,0.98333,0,0.0
interaction,1.01,0,0.0
interaction,1.03667,0,0.0
interaction,,162,5.1564767894884265e-05
