regime,cohort,arm,seed,n,intPCC,A_int,R2_interaction,formula,selection_rule
LCLO,cell_line_test,M0,3407,557484,0.316047757799909,0.3457242004111022,0.09900549396429452,2*A_int*intPCC-A_int^2,frozen_valMSE
LCLO,cell_line_test,M0,3408,474279,0.3560535643103253,0.3561119757239935,0.1267741372461937,2*A_int*intPCC-A_int^2,frozen_valMSE
LCLO,cell_line_test,M0,3409,486991,0.2507190012398481,0.3653742630304658,0.04971418852643189,2*A_int*intPCC-A_int^2,frozen_valMSE
LCLO,cell_line_test,M0,3410,570863,0.3172815001686656,0.2774987031087959,0.09908487940737215,2*A_int*intPCC-A_int^2,frozen_valMSE
LCLO,cell_line_test,M0,3411,530351,0.3371482098378875,0.387581728350966,0.11112537560728322,2*A_int*intPCC-A_int^2,frozen_valMSE
LCLO,cell_line_test,M4,3407,557484,0.3101008567611113,0.3643225475082576,0.09322254961649612,2*A_int*intPCC-A_int^2,frozen_valMSE
LCLO,cell_line_test,M4,3408,474279,0.3723863889700759,0.4155403626245031,0.1368093572480057,2*A_int*intPCC-A_int^2,frozen_valMSE
LCLO,cell_line_test,M4,3409,486991,0.2570380402045746,0.3944182297625067,0.047195237629235165,2*A_int*intPCC-A_int^2,frozen_valMSE
LCLO,cell_line_test,M4,3410,570863,0.3086666285452806,0.3572850662665223,0.09291133509105598,2*A_int*intPCC-A_int^2,frozen_valMSE
LCLO,cell_line_test,M4,3411,530351,0.2885784183418567,0.3505466355752235,0.07943744358560592,2*A_int*intPCC-A_int^2,frozen_valMSE
LSO,cell_line_test,M0,3407,468871,0.2868636133219576,0.3727146538402601,0.07492033149005439,2*A_int*intPCC-A_int^2,frozen_valMSE
LSO,cell_line_test,M0,3408,466230,0.3154098100675792,0.3694348159289184,0.09656464702854861,2*A_int*intPCC-A_int^2,frozen_valMSE
LSO,cell_line_test,M0,3409,459058,0.3012071063358466,0.36997800281804,0.08599628470424941,2*A_int*intPCC-A_int^2,frozen_valMSE
LSO,cell_line_test,M0,3410,475001,0.2750318132883664,0.3719425750949446,0.0662508025667555,2*A_int*intPCC-A_int^2,frozen_valMSE
LSO,cell_line_test,M0,3411,474086,0.2761627326260028,0.3863235003568378,0.06413046014441415,2*A_int*intPCC-A_int^2,frozen_valMSE
LSO,cell_line_test,M4,3407,468871,0.3086323299023043,0.3617195719404742,0.09243565979370558,2*A_int*intPCC-A_int^2,frozen_valMSE
LSO,cell_line_test,M4,3408,466230,0.3290090842501383,0.351244993480805,0.10775254185980015,2*A_int*intPCC-A_int^2,frozen_valMSE
LSO,cell_line_test,M4,3409,459058,0.3050822549445863,0.3459089901576698,0.0914083599739143,2*A_int*intPCC-A_int^2,frozen_valMSE
LSO,cell_line_test,M4,3410,475001,0.3044003493753399,0.3763412582610306,0.08748407832852972,2*A_int*intPCC-A_int^2,frozen_valMSE
LSO,cell_line_test,M4,3411,474086,0.2947327631609817,0.3609040102724308,0.08248876773622285,2*A_int*intPCC-A_int^2,frozen_valMSE
PDO_primary,COMPARABLE(UMPDO1+2+3),M0,3407,4886,0.0740614078917902,0.1526614922328368,-0.000692881119505509,2*A_int*intPCC-A_int^2,frozen_valMSE
PDO_primary,COMPARABLE(UMPDO1+2+3),M0,3408,4886,0.0529849328439813,0.1596357111532286,-0.008566985405487008,2*A_int*intPCC-A_int^2,frozen_valMSE
PDO_primary,COMPARABLE(UMPDO1+2+3),M0,3409,4886,0.0696007772390484,0.2530961153815097,-0.02882627092773659,2*A_int*intPCC-A_int^2,frozen_valMSE
PDO_primary,COMPARABLE(UMPDO1+2+3),M0,3410,4886,0.0616056479331087,0.127519688003335,-0.0005494048211212577,2*A_int*intPCC-A_int^2,frozen_valMSE
PDO_primary,COMPARABLE(UMPDO1+2+3),M0,3411,4886,0.0783358249204669,0.2026027899816316,-0.009305777139542684,2*A_int*intPCC-A_int^2,frozen_valMSE
PDO_primary,COMPARABLE(UMPDO1+2+3),M4,3407,4886,0.0882782426567259,0.1943167883639146,-0.003451125049135771,2*A_int*intPCC-A_int^2,frozen_valMSE
PDO_primary,COMPARABLE(UMPDO1+2+3),M4,3408,4886,0.0808093784696653,0.2109167528355731,-0.010397773215736879,2*A_int*intPCC-A_int^2,frozen_valMSE
PDO_primary,COMPARABLE(UMPDO1+2+3),M4,3409,4886,0.1012596798072971,0.2217467663049861,-0.004263615258025266,2*A_int*intPCC-A_int^2,frozen_valMSE
PDO_primary,COMPARABLE(UMPDO1+2+3),M4,3410,4886,0.0783198525932104,0.2350245440555778,-0.018422361016093555,2*A_int*intPCC-A_int^2,frozen_valMSE
PDO_primary,COMPARABLE(UMPDO1+2+3),M4,3411,4886,0.08677140997297,0.1833073278163642,-0.0017899058451693178,2*A_int*intPCC-A_int^2,frozen_valMSE
