split,seed,model,variant,support,n,n_drugs,n_samples,global_Pearson,global_RMSE,global_R2,fixed_drug_Pearson_mean,fixed_drug_Pearson_median,fixed_drug_groups,fixed_cell_Pearson_mean,fixed_cell_Pearson_median,fixed_cell_groups,dreval_normalized_Pearson,dreval_normalized_R2,naive_global_Pearson,naive_global_RMSE,rise_shared_Pearson,rise_shared_amplitude,rise_interaction_Pearson,rise_interaction_amplitude,rise_interaction_R2,rise_shared_error,rise_interaction_error,rise_interaction_variance,projection_iterations,projection_final_update
LCLO,3407,M0,original,frozen_pair_mean_test,557484,54176,148,0.8670633196787936,0.07737663840770335,0.737422545852818,0.1458349729120092,0.17629723216006643,53973,0.8110381627193353,0.8302661572176474,148,0.25557044681302027,-0.02669175917780664,0.8627050123436409,0.07636429394062651,0.9661016803695178,0.852534065753975,0.31604775779990907,0.3457242004111022,0.09900549396429455,0.001541321287221187,0.004445822884061912,0.0049343507138829654,118,8.8769733751215e-11
LCLO,3407,M0,drug_offset,frozen_pair_mean_test,557484,54176,148,0.7264086109334725,0.10834303584545443,0.48519860105399193,0.14583497291200948,0.17629723216006948,53973,0.682520117639923,0.7006044549068664,148,0.11787699801422967,-1.0129007481914654,0.8627050123436409,0.07636429394062651,0.8039488187597602,1.0224881343541652,0.31604775779990907,0.3457242004111022,0.09900549396429455,0.007292390532228866,0.004445822884061912,0.0049343507138829654,118,8.876973722066195e-11
LCLO,3407,M0,sample_offset,frozen_pair_mean_test,557484,54176,148,0.7288587702285148,0.10802711976161855,0.4881964297445237,0.01719083463636602,0.01628371465329884,53973,0.811038162719355,0.8302661572176497,148,0.09005959226760064,-1.001179079162446,0.8627050123436409,0.07636429394062651,0.8067774361440765,1.0269814830747936,0.31604775779990935,0.34572420041110224,0.09900549396429473,0.007224035719935817,0.0044458228840619125,0.0049343507138829654,135,8.919874908142056e-11
LCLO,3407,M0,interaction_half,frozen_pair_mean_test,557484,54176,148,0.8659657129748516,0.07799976438515503,0.7331763635431818,0.15484696134078063,0.19395965583160069,53973,0.8073829872800086,0.8314738664138188,148,0.19664725135459477,-0.04329455700532492,0.8627050123436409,0.07636429394062651,0.9661016803688369,0.8525340657582217,0.31604775779990985,0.17286210020555115,0.07938405266962155,0.0015413212872246245,0.004542641956921698,0.0049343507138829654,118,8.87697413406302e-11
LCLO,3407,M0,interaction_double,frozen_pair_mean_test,557484,54176,148,0.8443689167272928,0.08172010204260936,0.7071160873818858,0.12119643905829525,0.15634232981016105,53973,0.7899723914360219,0.8105890171248746,148,0.29768222079609824,-0.14519161767871736,0.8627050123436409,0.07636429394062651,0.9661016803708737,0.852534065745482,0.3160477577999089,0.6914484008222045,-0.04103945757120314,0.001541321287214313,0.005136853790646797,0.0049343507138829654,118,8.87697589047054e-11
LCLO,3407,M4,original,frozen_pair_mean_test,557484,54176,148,0.865344093310408,0.0775197256830407,0.7364505152131734,0.17827918512630797,0.21362291639528377,53973,0.805057046403281,0.8192569429463324,148,0.2461591615785761,-0.030492450484806755,0.8627050123436409,0.07636429394062651,0.9653964740343868,0.8462309815973804,0.3101008567611115,0.36432254750825765,0.09322254961649623,0.0015349499102930613,0.004474357959632816,0.0049343507138829654,128,9.422707319267642e-11
LCLO,3407,M4,drug_offset,frozen_pair_mean_test,557484,54176,148,0.7242686243691663,0.1083692302159721,0.4849496412824511,0.17827918512630805,0.2136229163952677,53973,0.67915466042185,0.6939317816232098,148,0.11460466076077971,-1.0138741940900777,0.8627050123436409,0.07636429394062651,0.8018823339891002,1.0167850139676262,0.3101008567611113,0.36432254750825765,0.09322254961649612,0.007269532098000863,0.004474357959632816,0.0049343507138829654,128,9.422707145795295e-11
LCLO,3407,M4,sample_offset,frozen_pair_mean_test,557484,54176,148,0.7238475798544302,0.1087623126146374,0.481206430933357,0.014290427766941822,0.012118058464159573,53973,0.8050570464032967,0.8192569429463312,148,0.08575677228545528,-1.0285103449003827,0.8627050123436409,0.07636429394062651,0.8014179812401606,1.025506439181972,0.310100856761111,0.3643225475082576,0.09322254961649587,0.007354882685605059,0.004474357959632818,0.0049343507138829654,137,9.076782901684677e-11
LCLO,3407,M4,interaction_half,frozen_pair_mean_test,557484,54176,148,0.8653769452138149,0.07794593652852853,0.7335445079534832,0.19861867209792472,0.2246879116108495,53973,0.803912087690571,0.8229866652361217,148,0.18633200009082443,-0.041855092853798626,0.8627050123436409,0.07636429394062651,0.9653964740346964,0.8462309816008813,0.3101008567611117,0.18216127375412883,0.07979400446397486,0.0015349499102688276,0.004540619110992571,0.0049343507138829654,128,9.422710138193291e-11
LCLO,3407,M4,interaction_double,frozen_pair_mean_test,557484,54176,148,0.8380492798852301,0.08282026878666092,0.6991770343720785,0.12385724811766223,0.14703479238894354,53973,0.7705198145863104,0.7821172930808808,148,0.2875040559134034,-0.1762337356218524,0.8627050123436409,0.07636429394062651,0.9653964740337706,0.8462309815903789,0.31010085676111154,0.7286450950165153,-0.07901673801282072,0.0015349499103415295,0.00532424701150523,0.0049343507138829654,128,9.422709834616683e-11
LCLO,3408,M0,original,frozen_pair_mean_test,474279,54176,148,0.8565770008120095,0.07683976884296262,0.7331783510739043,0.29769192969561603,0.39362220786629065,53853,0.7924317061041481,0.8070705522206508,148,0.35368705816650403,0.11052922362578599,0.8371607179076652,0.081494198072666,0.9607555175173779,0.9631910921554864,0.3560535643103252,0.35611197572399356,0.1267741372461936,0.0013099835664941353,0.004594366509354085,0.005261372464238842,173,9.237859002059201e-11
LCLO,3408,M0,drug_offset,frozen_pair_mean_test,474279,54176,148,0.7402941374165135,0.107078083344528,0.48185639537031144,0.2976919296956165,0.393622207866276,53853,0.6876719109385782,0.7010900281272285,148,0.16133852221565176,-0.7272721165551141,0.8371607179076652,0.081494198072666,0.8259136028611753,1.1239156542601858,0.3560535643103252,0.35611197572399356,0.1267741372461936,0.006871349423457385,0.004594366509354086,0.005261372464238842,173,9.23785874185068e-11
LCLO,3408,M0,sample_offset,frozen_pair_mean_test,474279,54176,148,0.7526926248421815,0.10408578300374645,0.5104108422225966,0.2065486733998745,0.27210998836688804,53853,0.7924317061041537,0.8070705522206505,148,0.21226362011859845,-0.6320836409840291,0.8371607179076652,0.081494198072666,0.8402643276984528,1.1145900592992763,0.3560535643103253,0.3561119757239936,0.12677413724619374,0.0062394837141576,0.004594366509354086,0.005261372464238842,157,9.68297421410913e-11
LCLO,3408,M0,interaction_half,frozen_pair_mean_test,474279,54176,148,0.8521929806648517,0.07791692270393243,0.7256452092570107,0.3201064755251229,0.443214142147743,53853,0.7925441867634216,0.8145356933594331,148,0.304241865415515,0.08541690786213774,0.8371607179076652,0.081494198072666,0.9607555175172674,0.963191092160414,0.35605356431032575,0.17805598786199672,0.09509100343660853,0.0013099835664982377,0.004761063277160634,0.005261372464238842,173,9.237856616814422e-11
LCLO,3408,M0,interaction_double,frozen_pair_mean_test,474279,54176,148,0.8415561774903665,0.08106660100209966,0.7030161092973175,0.19033585434617875,0.2612912617936631,53853,0.7597846713401643,0.781397307031599,148,0.36849227283582464,0.009981038281056231,0.8371607179076652,0.081494198072666,0.9607555175176079,0.9631910921456317,0.35605356431032653,0.7122239514479871,-8.320401570316438e-05,0.0013099835664859309,0.0052618102315559875,0.005261372464238842,173,9.237859262267722e-11
LCLO,3408,M4,original,frozen_pair_mean_test,474279,54176,148,0.8604111132408351,0.07727078123170524,0.7301766247879142,0.2820111372088849,0.37455456062973996,53853,0.8031523266668594,0.8262177762842313,148,0.3813878901278729,0.10052273494389474,0.8371607179076652,0.081494198072666,0.9640007054413003,0.9113659237162023,0.37238638897007587,0.4155403626245031,0.13680935724800564,0.0014292061528281214,0.0045415674791639705,0.005261372464238842,166,9.85143806808697e-11
LCLO,3408,M4,drug_offset,frozen_pair_mean_test,474279,54176,148,0.7350894359532694,0.10733548164978635,0.4793623353239924,0.28201113720888493,0.374554560629738,53853,0.6834527085005089,0.700725679627825,148,0.18620227959575134,-0.7355862602336796,0.8371607179076652,0.081494198072666,0.8164930231554707,1.0795235715319524,0.3723863889700758,0.4155403626245031,0.13680935724800558,0.006979338141731535,0.0045415674791639705,0.005261372464238842,166,9.851437721142275e-11
LCLO,3408,M4,sample_offset,frozen_pair_mean_test,474279,54176,148,0.7384993836823068,0.10684942501281579,0.4840669570020546,0.2046228444921104,0.2707136120740103,53853,0.8031523266668639,0.8262177762842278,148,0.2280541403950984,-0.7199030369518535,0.8371607179076652,0.081494198072666,0.820517171622838,1.0843362390846796,0.3723863889700762,0.415540362624503,0.13680935724800594,0.006875232146561327,0.004541567479163973,0.005261372464238842,156,9.257689406738656e-11
LCLO,3408,M4,interaction_half,frozen_pair_mean_test,474279,54176,148,0.857825480174586,0.07812522537379356,0.7241763312750474,0.27776789922656914,0.3888495172672728,53853,0.80429470398062,0.8303339958621196,148,0.33574862063086297,0.08052028855004534,0.8371607179076652,0.081494198072666,0.964000705443819,0.9113659237189481,0.37238638897007625,0.2077701813122515,0.11157312686652884,0.0014292061527458168,0.004674344686794263,0.005261372464238842,166,9.851436853780537e-11
LCLO,3408,M4,interaction_double,frozen_pair_mean_test,474279,54176,148,0.8323724919488019,0.08407122531820832,0.6805935229198825,0.1877949478834594,0.2788264468213526,53853,0.7583199138254029,0.7918993750232985,148,0.38712371087431474,-0.06476640216737217,0.8371607179076652,0.081494198072666,0.964000705436264,0.91136592371071,0.3723863889700756,0.8310807252490061,-0.07172887144419615,0.0014292061529927293,0.005638764773346263,0.005261372464238842,166,9.851441190589227e-11
LCLO,3409,M0,original,frozen_pair_mean_test,486991,54172,148,0.8534533539592777,0.0779408270311664,0.72622221987296,0.028718515696157097,0.028859274845329696,54011,0.8179370858159813,0.8393591217855062,148,0.23475339290626318,-0.017793965953750712,0.8550082068158119,0.07726714152616415,0.9642292799003384,0.9402170240414424,0.2507190012398481,0.3653742630304657,0.04971418852643189,0.001258828935472399,0.004815943582459397,0.005067889601541577,184,9.274993273411525e-11
LCLO,3409,M0,drug_offset,frozen_pair_mean_test,486991,54172,148,0.7350602012835837,0.10759511259008671,0.47826104151050675,0.02871851569615607,0.028859274845333193,54011,0.714440754281911,0.7281412714352881,148,0.10502440825751247,-0.9396123509628584,0.8550082068158119,0.07726714152616415,0.8257178435277559,1.0977619857009873,0.2507190012398482,0.3653742630304657,0.049714188526431946,0.006760764670326306,0.004815943582459397,0.005067889601541577,184,9.274994661190306e-11
LCLO,3409,M0,sample_offset,frozen_pair_mean_test,486991,54172,148,0.7259321167718229,0.1097748507381834,0.456907395680868,-0.02684615939740861,-0.035601195169010384,54011,0.8179370858159796,0.8393591217855033,148,0.06629857177845466,-1.0189964845709065,0.8550082068158119,0.07726714152616415,0.8151440253472508,1.1055443141301784,0.25071900123984797,0.3653742630304657,0.04971418852643181,0.0072345742717625314,0.004815943582459397,0.005067889601541577,201,9.22776438594397e-11
LCLO,3409,M0,interaction_half,frozen_pair_mean_test,486991,54172,148,0.8548897886690189,0.0776634199611753,0.7281676119811784,0.014160395314947753,0.006068431764054773,54011,0.8162824192352783,0.8384688616053582,148,0.1933360249378935,-0.010561792662550529,0.8550082068158119,0.07726714152616415,0.964229279906126,0.9402170240444205,0.2507190012398478,0.18268713151523283,0.05823168228447982,0.0012588289352836906,0.004772777864411791,0.005067889601541577,184,9.274994661190306e-11
LCLO,3409,M0,interaction_double,frozen_pair_mean_test,486991,54172,148,0.8267755581896786,0.0847108984742047,0.6765949819211119,0.03183037730927304,0.03057949059977172,54011,0.7813675091690978,0.795778753733958,148,0.25314735604640803,-0.20228776713405017,0.8550082068158119,0.07726714152616415,0.9642292798887693,0.9402170240354859,0.2507190012398475,0.7307485260609313,-0.16756832711724878,0.0012588289358498152,0.005917107384086798,0.005067889601541577,184,9.274994140773263e-11
LCLO,3409,M4,original,frozen_pair_mean_test,486991,54172,148,0.854698771612317,0.07799790841435271,0.7258210607486673,0.0031269172719414575,-0.010213164349669873,54011,0.8108070107769059,0.8328517165983307,148,0.23103922387398593,-0.019285311730252053,0.8550082068158119,0.07726714152616415,0.9647962009693866,1.0274864558592245,0.25703804020457466,0.39441822976250657,0.04719523762923522,0.001254964369260066,0.004828709347518097,0.005067889601541577,179,9.397616018702593e-11
LCLO,3409,M4,drug_offset,frozen_pair_mean_test,486991,54172,148,0.7515393811131814,0.10777597809898855,0.4765054990406564,0.003126917271943003,-0.01021316434967051,54011,0.7160512878437006,0.7324268917880107,148,0.10471190091080865,-0.9461387408399329,0.8550082068158119,0.07726714152616415,0.8441830231761841,1.1741196842948853,0.25703804020457466,0.3944182297625066,0.04719523762923522,0.006786952107321084,0.004828709347518097,0.005067889601541577,179,9.397618794260154e-11
LCLO,3409,M4,sample_offset,frozen_pair_mean_test,486991,54172,148,0.7452690709989285,0.10932981752691244,0.4613019236313307,-0.026987772236628897,-0.03752430935293371,54011,0.8108070107769073,0.8328517165983234,148,0.06688119159594422,-1.0026594245322116,0.8550082068158119,0.07726714152616415,0.8369189794392736,1.1780209455871224,0.257038040204574,0.3944182297625066,0.04719523762923469,0.0071242996527163625,0.004828709347518094,0.005067889601541577,200,9.314808646632144e-11
LCLO,3409,M4,interaction_half,frozen_pair_mean_test,486991,54172,148,0.855659637064842,0.07749946028793007,0.7293141621300365,-0.018697013944623368,-0.030625873439505444,54011,0.8104764094283414,0.8323297232520686,148,0.1865715664934639,-0.006299387500855014,0.8550082068158119,0.07726714152616415,0.96479620097305,1.02748645586396,0.25703804020457377,0.1972091148812533,0.062489053806864626,0.0012549643691412628,0.0047512019755435965,0.005067889601541577,179,9.397616018702593e-11
LCLO,3409,M4,interaction_double,frozen_pair_mean_test,486991,54172,148,0.8293531609364254,0.08614681337761601,0.6655381306647298,0.024889961297658695,0.01709665937621881,54011,0.7724084349463383,0.7942298814105737,148,0.25073176006756037,-0.24339262409494733,0.8550082068158119,0.07726714152616415,0.964796200962055,1.0274864558497536,0.25703804020457427,0.7888364595250132,-0.21674100467950908,0.001254964369497672,0.006166309085384538,0.005067889601541577,179,9.397613243145031e-11
LCLO,3410,M0,original,frozen_pair_mean_test,570863,54175,148,0.8466118897636954,0.07920301650879925,0.6995422278692648,0.18803697169139252,0.23665748145904048,54035,0.796803666534519,0.8319147807423652,148,0.21399796839226742,-0.029892457665281036,0.8426415219038229,0.07829323345198,0.951361173420463,1.1041110265304683,0.3172815001686656,0.27749870310879593,0.09908487940737218,0.001901828192005333,0.004371289631917721,0.004852054907283895,143,9.114537596888184e-11
LCLO,3410,M0,drug_offset,frozen_pair_mean_test,570863,54175,148,0.7542377221710174,0.10727554958415265,0.4488097912164263,0.18803697169139238,0.23665748145904386,54035,0.7206185123584997,0.7468525420323151,148,0.0986774795260492,-0.8893391731539269,0.8426415219038229,0.07829323345198,0.8459231921007319,1.2465137112962519,0.31728150016866563,0.277498703108796,0.09908487940737219,0.007136753906488329,0.004371289631917721,0.004852054907283895,143,9.114537596888184e-11
LCLO,3410,M0,sample_offset,frozen_pair_mean_test,570863,54175,148,0.7385096673008567,0.10994018719385994,0.4210874798496167,-0.02448534115731753,-0.027084105940578276,54035,0.7968036665345151,0.8319147807423578,148,0.0400968484159288,-0.9843641717860225,0.8426415219038229,0.07829323345198,0.8277584872874671,1.2354178277650527,0.31728150016866563,0.27749870310879604,0.09908487940737219,0.00771555512812204,0.004371289631917722,0.004852054907283895,151,9.710892506786806e-11
LCLO,3410,M0,interaction_half,frozen_pair_mean_test,570863,54175,148,0.8420823746846807,0.08012547470364205,0.6925027550746712,0.23598611228028096,0.3016558423964874,54035,0.791282077899809,0.8271234211978087,148,0.15816261459659972,-0.05402197139254539,0.8426415219038229,0.07829323345198,0.9513611734234385,1.1041110265344811,0.31728150016866513,0.138749351554398,0.06879382226045189,0.0019018281919196572,0.004518263504394253,0.004852054907283895,143,9.114538290777574e-11
LCLO,3410,M0,interaction_double,frozen_pair_mean_test,570863,54175,148,0.8441291323225358,0.08086793351230602,0.6867776896166654,0.10302656535424491,0.13506118560495037,54035,0.792670214076827,0.8248448731396215,148,0.26865210480587937,-0.07364603268084746,0.8426415219038229,0.07829323345198,0.9513611734145095,1.1041110265224416,0.317281500168666,0.554997406217592,0.04415869836061742,0.0019018281921766814,0.004637794478203993,0.004852054907283895,143,9.114542454113916e-11
LCLO,3410,M4,original,frozen_pair_mean_test,570863,54175,148,0.8501026563248442,0.07645022068922609,0.7200648172314847,0.12498606980001506,0.1490379832138519,54035,0.8011148556505874,0.8331060053494448,148,0.2812437651763388,0.04045373390108453,0.8426415219038229,0.07829323345198,0.9556100553821458,0.9674311984492816,0.30866662854528054,0.3572850662665223,0.09291133509105595,0.0014433922353101901,0.004401244007913039,0.004852054907283895,144,9.325731159526285e-11
LCLO,3410,M4,drug_offset,frozen_pair_mean_test,570863,54175,148,0.7370967863673148,0.10510514550438578,0.4708875829867436,0.12498606980001513,0.14903798321385234,54035,0.7071353042778531,0.7306490823889232,148,0.12354400329801203,-0.8136621451812212,0.8426415219038229,0.07829323345198,0.8243842288881084,1.1263358085482211,0.3086666285452805,0.3572850662665223,0.0929113350910559,0.006645847603370918,0.004401244007913038,0.004852054907283895,144,9.325731159526285e-11
LCLO,3410,M4,sample_offset,frozen_pair_mean_test,570863,54175,148,0.7180507503772913,0.10842808924257114,0.4369024897893278,-0.042677506560200223,-0.049260684016380424,54035,0.8011148556505815,0.8331060053494345,148,0.06368699853684383,-0.9301543594077202,0.8426415219038229,0.07829323345198,0.802278500686972,1.117699415918512,0.3086666285452805,0.35728506626652234,0.09291133509105587,0.007355406528677412,0.004401244007913039,0.004852054907283895,152,9.163544228973919e-11
LCLO,3410,M4,interaction_half,frozen_pair_mean_test,570863,54175,148,0.8479924145712987,0.07691031994744363,0.7166852183171428,0.15946190623351575,0.19145640192162042,54035,0.7998138401295778,0.834367129289118,148,0.23238726174533153,0.028869332515388146,0.8426415219038229,0.07829323345198,0.9556100553854194,0.9674311984532228,0.3086666285452804,0.17864253313326117,0.07836882218979621,0.0014433922352101712,0.004471805078999836,0.004852054907283895,144,9.325729771747504e-11
LCLO,3410,M4,interaction_double,frozen_pair_mean_test,570863,54175,148,0.8316544311403454,0.08144065552934608,0.6823253797799316,0.0883636147673041,0.11473881367445747,54035,0.7636301582997216,0.7956059356184966,148,0.3016793001388899,-0.08890741296574767,0.8426415219038229,0.07829323345198,0.9556100553755997,0.9674311984413987,0.30866662854528076,0.7145701325330447,-0.06948256697203442,0.0014433922355102287,0.005189188137331237,0.004852054907283895,144,9.325730465636894e-11
LCLO,3411,M0,original,frozen_pair_mean_test,530351,54175,148,0.8666961671004044,0.07475571642417604,0.7493710511705411,0.21971109580558357,0.2572936132991244,54028,0.8174757339405939,0.8468794364046801,148,0.35726654974318073,0.10661742421249587,0.8483146163960993,0.07911370965797225,0.9714281271743975,0.927258201463295,0.3371482098378874,0.38758172835096616,0.11112537560728308,0.001016287408308864,0.004572129729648466,0.005143728490136797,112,9.816092036429858e-11
LCLO,3411,M0,drug_offset,frozen_pair_mean_test,530351,54175,148,0.7440110703271983,0.1054710617603767,0.5011051132698231,0.21971109580558315,0.25729361329910316,54028,0.7131962436347553,0.7359011291955779,148,0.16613365456719614,-0.7783420512109356,0.8483146163960993,0.07911370965797225,0.8282274522265534,1.0869738834068834,0.33714820983788746,0.38758172835096605,0.11112537560728314,0.006552015139092821,0.004572129729648466,0.005143728490136797,112,9.81609186295751e-11
LCLO,3411,M0,sample_offset,frozen_pair_mean_test,530351,54175,148,0.7442457090281975,0.10549965700925577,0.5008345564533823,0.0742637397061974,0.0825960163430779,54028,0.8174757339406092,0.8468794364047073,148,0.18551726797604876,-0.7793064679181743,0.8483146163960993,0.07911370965797225,0.8285073689929404,1.0888247697187496,0.33714820983788746,0.387581728350966,0.11112537560728317,0.006558047899295147,0.0045721297296484635,0.005143728490136797,154,9.268789902261432e-11
LCLO,3411,M0,interaction_half,frozen_pair_mean_test,530351,54175,148,0.864931431261891,0.07537270271220593,0.7452169139268479,0.23174749470271497,0.276454127962128,54028,0.8172100561865571,0.8447603695619875,148,0.3156491743764521,0.09180974198632641,0.8483146163960993,0.07911370965797225,0.9714281271762454,0.9272582014693993,0.3371482098378876,0.19379086417548302,0.09311758684152216,0.001016287408240803,0.004664756905767274,0.005143728490136797,112,9.81607746475266e-11
LCLO,3411,M0,interaction_double,frozen_pair_mean_test,530351,54175,148,0.8421297819094453,0.08100738244593805,0.7056990830239218,0.17636865233082066,0.20773699964663062,54028,0.7771675195227676,0.8109424754800117,148,0.3619854214658275,-0.04905403981732359,0.8483146163960993,0.07911370965797225,0.9714281271707,0.9272582014510871,0.33714820983788707,0.7751634567019321,-0.07818844108847833,0.0010162874084449856,0.005545908602162988,0.005143728490136797,112,9.816118751171388e-11
LCLO,3411,M4,original,frozen_pair_mean_test,530351,54175,148,0.8588037739376846,0.07669215109907743,0.7362185475466309,0.19095936787581275,0.23312390643046582,54028,0.8151945068411105,0.843844791357968,148,0.29656193175428924,0.059734501786886884,0.8483146163960993,0.07911370965797225,0.9667821792316585,0.98084401639028,0.2885784183418567,0.3505466355752236,0.07943744358560591,0.0011465621916903607,0.004735123848381881,0.005143728490136797,124,9.534405209787877e-11
LCLO,3411,M4,drug_offset,frozen_pair_mean_test,530351,54175,148,0.7464132773882041,0.10688452957093797,0.48764365715114777,0.19095936787581286,0.2331239064304445,54028,0.7108761162093318,0.7357006652825284,148,0.12907938431547106,-0.8263262541424807,0.8483146163960993,0.07911370965797225,0.8363505945682044,1.1332082906902687,0.28857841834185677,0.35054663557522353,0.07943744358560598,0.006689178813101523,0.004735123848381881,0.005143728490136797,124,9.534405209787877e-11
LCLO,3411,M4,sample_offset,frozen_pair_mean_test,530351,54175,148,0.7482398981952668,0.10646862688333125,0.49162320028217243,0.0606626608640916,0.0629938697541834,54028,0.8151945068411245,0.8438447913579916,148,0.15054305734773044,-0.8121409235593346,0.8483146163960993,0.07911370965797225,0.8384612835716219,1.1325474192502325,0.2885784183418576,0.3505466355752234,0.07943744358560655,0.006600444661909143,0.004735123848381882,0.005143728490136797,154,9.49786152504295e-11
LCLO,3411,M4,interaction_half,frozen_pair_mean_test,530351,54175,148,0.8574376365680533,0.0769933064388123,0.7341428419363114,0.19660184855200072,0.24336982233277155,54028,0.8134116947438839,0.8407787426639997,148,0.25777885632458425,0.05233551921370638,0.8483146163960993,0.07911370965797225,0.9667821792337647,0.9808440163960022,0.2885784183418569,0.17527331778761177,0.07043945772108015,0.0011465621916222828,0.004781407044627092,0.005143728490136797,124,9.534401740340925e-11
LCLO,3411,M4,interaction_double,frozen_pair_mean_test,530351,54175,148,0.8401563026924885,0.08208065786555895,0.6978489735334569,0.14026302054921452,0.1873641244409021,54028,0.7813536291436939,0.813370476524035,148,0.30516071864100547,-0.07703624646009088,0.8483146163960993,0.07911370965797225,0.9667821792274482,0.9808440163788363,0.2885784183418571,0.7010932711504471,-0.08689100025500474,0.001146562191826516,0.005590672203684947,0.005143728490136797,124,9.534412842571172e-11
LSO,3407,M0,original,frozen_pair_mean_test,468871,8127,986,0.6157057909202555,0.11513287041702262,0.3653696299987952,0.32947858731702184,0.31629923398562465,8126,0.4306176729225716,0.44081848795253853,977,0.5971235200712585,0.3398323359779084,0.1969469444547686,0.1417358835027324,0.6924659758702977,0.8082834474627875,0.28686361332195776,0.3727146538402601,0.0749203314900545,0.008383034114956939,0.0048725437364116825,0.005267161199488947,136,9.289473357210198e-11
LSO,3407,M0,drug_offset,frozen_pair_mean_test,468871,8127,986,0.5059669780579134,0.13620369385887213,0.11182210900345912,0.32947858731702284,0.3162992339856294,8126,0.32744984078788225,0.3385081890941505,977,0.48570043701752513,0.07608215545351038,0.1969469444547686,0.1417358835027324,0.5625614857066349,0.9977921481957367,0.28686361332195776,0.37271465384026015,0.0749203314900545,0.01367890248545166,0.004872543736411682,0.005267161199488947,136,9.289473357210198e-11
LSO,3407,M0,sample_offset,frozen_pair_mean_test,468871,8127,986,0.5101569040892402,0.13562309856551485,0.11937803956086734,0.15620634021428295,0.1450387779941108,8126,0.43061767292257164,0.44081848795253614,977,0.48837511359291674,0.08394213389353977,0.1969469444547686,0.1417358835027324,0.567517042789327,0.9975426795527528,0.2868636133219579,0.37271465384026004,0.07492033149005464,0.01352108112899406,0.004872543736411685,0.005267161199488947,144,9.173505011172978e-11
LSO,3407,M0,interaction_half,frozen_pair_mean_test,468871,8127,986,0.6126438442573464,0.11519532568441367,0.36468091686528004,0.3308267221272306,0.323313726587367,8126,0.4332051358458906,0.4457913688091401,977,0.5935437371627253,0.3391159092797451,0.1969469444547686,0.1417358835027324,0.6924659758843018,0.8082834474379692,0.2868636133219574,0.18635732692013005,0.07218921904184336,0.008383034114513497,0.004886928945930339,0.005267161199488947,136,9.289477520546541e-11
LSO,3407,M0,interaction_double,frozen_pair_mean_test,468871,8127,986,0.5958975360154519,0.11968437059379282,0.31420065333821345,0.22363513723485387,0.18610090855321304,8126,0.3994406769947735,0.4113636464598746,977,0.5778394078899788,0.2866043384076802,0.1969469444547686,0.1417358835027324,0.6924659758422873,0.8082834475124235,0.28686361332195737,0.7454293076805202,-0.12799176339442137,0.008383034115843822,0.005941314449494211,0.005267161199488947,136,9.289466418316294e-11
LSO,3407,M4,original,frozen_pair_mean_test,468871,8127,986,0.5900270597662811,0.11711379839742543,0.34334339002697967,0.32532857210645016,0.30737092975610225,8126,0.38144630252313133,0.388044963937017,977,0.568989918727893,0.316919768164055,0.1969469444547686,0.1417358835027324,0.6584131485458589,0.7286248015740042,0.3086323299023044,0.36171957194047427,0.09243565979370563,0.008935354096888495,0.004780287678774379,0.005267161199488947,159,9.219894292478159e-11
LSO,3407,M4,drug_offset,frozen_pair_mean_test,468871,8127,986,0.4674257443474777,0.13814519733944974,0.086320735665674,0.32532857210645033,0.30737092975609775,8126,0.2756597108513506,0.2790297235636654,977,0.44500318378297954,0.04955461617780743,0.1969469444547686,0.1417358835027324,0.5137576360694041,0.9369141459071173,0.30863232990230444,0.36171957194047427,0.09243565979370566,0.014303807869926308,0.00478028767877438,0.005267161199488947,159,9.219892904699378e-11
LSO,3407,M4,sample_offset,frozen_pair_mean_test,468871,8127,986,0.47347623799676075,0.1372200079361201,0.09851798492762387,0.15452732777906783,0.1410077431900565,8126,0.381446302523132,0.38804496393701643,977,0.4493871123001054,0.06224267828983865,0.1969469444547686,0.1417358835027324,0.5208769686292894,0.9333294891515289,0.30863232990230455,0.3617195719404742,0.09243565979370574,0.014049042899810519,0.00478028767877438,0.005267161199488947,160,9.313351478912324e-11
LSO,3407,M4,interaction_half,frozen_pair_mean_test,468871,8127,986,0.5856627995540556,0.1174171551007363,0.33993714448021684,0.33667761180743583,0.3263172663398084,8126,0.38287866222044753,0.3896824113727763,977,0.5639400004246856,0.3133764565420666,0.1969469444547686,0.1417358835027324,0.6584131485345198,0.7286248015959242,0.30863232990230405,0.18085978597023714,0.07892809207805268,0.008935354097194695,0.004851434215345736,0.005267161199488947,159,9.219892904699378e-11
LSO,3407,M4,interaction_double,frozen_pair_mean_test,468871,8127,986,0.5706753928765862,0.12085979498589788,0.3006639873521614,0.233048175020333,0.19545468354695233,8126,0.35556102086273966,0.3679269645496605,977,0.5504619551665365,0.27252296193235903,0.1969469444547686,0.1417358835027324,0.6584131485685403,0.7286248015301643,0.3086323299023041,0.7234391438809484,-0.07681077786218898,0.008935354096276098,0.00567173594834723,0.005267161199488947,159,9.21989568025694e-11
LSO,3408,M0,original,frozen_pair_mean_test,466230,8127,984,0.6357512201417289,0.11752524306193009,0.402941339293611,0.31463406698870544,0.2987133600995008,8127,0.49480012959210157,0.512442461548545,983,0.6174599115998815,0.37897864709030216,0.19647525586284822,0.14913500801227456,0.7083218950917771,0.7396720650805376,0.3154098100675792,0.3694348159289184,0.09656464702854861,0.008761209022190134,0.005050973735337555,0.005590852426490294,122,9.528029060179577e-11
LSO,3408,M0,drug_offset,frozen_pair_mean_test,466230,8127,984,0.5058504189638832,0.1407686159957362,0.1434230811139643,0.3146340669887068,0.29871336009956173,8127,0.3804830445904227,0.3962481882631442,983,0.48592192171530607,0.10904473538920723,0.19647525586284822,0.14913500801227456,0.555547805902672,0.9430038401979174,0.31540981006757923,0.3694348159289184,0.09656464702854867,0.014764829515044259,0.005050973735337556,0.005590852426490294,122,9.528029407124272e-11
LSO,3408,M0,sample_offset,frozen_pair_mean_test,466230,8127,984,0.5126336371192981,0.13939904612766998,0.16000966253652138,0.09464175083294459,0.07835602374913823,8127,0.4948001295921004,0.5124424615485432,983,0.4922542603173948,0.12629701211356859,0.19647525586284822,0.14913500801227456,0.5634136100817512,0.9336176600482767,0.3154098100675784,0.36943481592891847,0.09656464702854806,0.01438112032518427,0.005050973735337558,0.005590852426490294,158,9.784327167916551e-11
LSO,3408,M0,interaction_half,frozen_pair_mean_test,466230,8127,984,0.632425664698909,0.1178616108214461,0.39951877785383405,0.3382407417836115,0.33361262382339485,8127,0.4928927980142195,0.5126172549661681,983,0.6135794322863035,0.37541872262118525,0.19647525586284822,0.14913500801227456,0.7083218951054481,0.7396720650578475,0.31540981006757846,0.18471740796445923,0.08240284431938251,0.0087612090218104,0.0051301502843775736,0.005590852426490294,122,9.528048142137813e-11
LSO,3408,M0,interaction_double,frozen_pair_mean_test,466230,8127,984,0.6134427235125531,0.12164870093290474,0.3603098884186765,0.21027463109414407,0.17773593786684405,8127,0.4608744978067624,0.4816733875560673,983,0.595675338343904,0.33463620129522376,0.19647525586284822,0.14913500801227456,0.708321895064436,0.7396720651259179,0.3154098100675789,0.7388696318578368,-0.07983487238377085,0.008761209022949598,0.006037197416475643,0.005590852426490294,122,9.527989118171543e-11
LSO,3408,M4,original,frozen_pair_mean_test,466230,8127,984,0.6143635901653995,0.12019506117700905,0.37550648618705185,0.3453727639118555,0.337283852328443,8127,0.4614449908009912,0.4660329425449426,983,0.5942843079310358,0.3504427079700879,0.19647525586284822,0.14913500801227456,0.6806207378864761,0.7138881890750741,0.3290090842501384,0.35124499348080507,0.10775254185980022,0.009458428865345628,0.004988423866372933,0.005590852426490294,150,9.303223816314876e-11
LSO,3408,M4,drug_offset,frozen_pair_mean_test,466230,8127,984,0.4827953163544853,0.14286263920562153,0.1177492745771258,0.3453727639118555,0.33728385232836694,8127,0.34000779486693516,0.354157414335731,983,0.46038824752901153,0.08234052168433315,0.19647525586284822,0.14913500801227456,0.5271416399233382,0.9216591229310312,0.3290090842501384,0.35124499348080507,0.10775254185980022,0.015421309815054851,0.004988423866372934,0.005590852426490294,150,9.303223816314876e-11
LSO,3408,M4,sample_offset,frozen_pair_mean_test,466230,8127,984,0.48858672418254095,0.14174583291812762,0.1314890729773982,0.11641368211870776,0.0983536725930623,8127,0.4614449908009903,0.4660329425449435,983,0.46570761582658976,0.096631760975877,0.19647525586284822,0.14913500801227456,0.533824828536497,0.9141090060027441,0.3290090842501389,0.3512449934808052,0.10775254185980057,0.01510345728288679,0.004988423866372933,0.005590852426490294,153,9.81178159553675e-11
LSO,3408,M4,interaction_half,frozen_pair_mean_test,466230,8127,984,0.6093117172270002,0.12072956095740725,0.3699399709274316,0.3378847527064701,0.33146160372766875,8127,0.4578709563140787,0.46826443540820145,983,0.5886287308389199,0.3446527830179368,0.19647525586284822,0.14913500801227456,0.680620737879721,0.7138881890907741,0.32900908425013836,0.17562249674040253,0.0847195322912328,0.009458428865533193,0.005117198023808734,0.005590852426490294,150,9.303223122425486e-11
LSO,3408,M4,interaction_double,frozen_pair_mean_test,466230,8127,984,0.5966635997858705,0.12338535225801929,0.3419151438196836,0.2696197384721087,0.23761901145001577,8127,0.4300576212071636,0.44645560389124267,983,0.5769869715707971,0.3155031915440888,0.19647525586284822,0.14913500801227456,0.680620737899992,0.7138881890436742,0.3290090842501385,0.7024899869616101,-0.031241007171061097,0.009458428864970506,0.005765516287238622,0.005590852426490294,150,9.303225551038352e-11
LSO,3409,M0,original,frozen_pair_mean_test,459058,8127,984,0.6243664958122568,0.11794627161699467,0.3857396549866796,0.33413425531258933,0.33128441763821076,8127,0.43925531308257115,0.4657632547081732,983,0.6043418128940038,0.35955807876578805,0.2022777868953964,0.14738400549158,0.6964594391844002,0.7615400142519045,0.3012071063358465,0.36997800281803994,0.08599628470424939,0.008929018081165278,0.00498230490628505,0.005451077301882618,160,9.155523561510392e-11
LSO,3409,M0,drug_offset,frozen_pair_mean_test,459058,8127,984,0.5122809594357304,0.13871126772626535,0.15041364807661983,0.33413425531258995,0.33128441763821054,8127,0.3496172904969625,0.3936765844138949,983,0.48991285073068863,0.11420178773159162,0.2022777868953964,0.14738400549158,0.5646702288697915,0.9493193454203555,0.3012071063358464,0.36997800281804,0.08599628470424928,0.014258510886817144,0.00498230490628505,0.005451077301882618,160,9.155523561510392e-11
LSO,3409,M0,sample_offset,frozen_pair_mean_test,459058,8127,984,0.5017814102302858,0.13988487576222738,0.13597647309619,0.09259697966812587,0.0731920998016024,8127,0.4392553130825717,0.465763254708172,983,0.48371400597330944,0.0991492580400315,0.2022777868953964,0.14738400549158,0.552273117613991,0.9435808390501759,0.3012071063358463,0.36997800281803994,0.08599628470424922,0.014585473559839038,0.00498230490628505,0.005451077301882618,160,9.055275279612474e-11
LSO,3409,M0,interaction_half,frozen_pair_mean_test,459058,8127,984,0.6213083649022099,0.11814892402137515,0.3836270273551222,0.33406529311576566,0.33385719198180547,8127,0.4364316968060715,0.4667787351828955,983,0.6007689072046701,0.3573554047527394,0.2022777868953964,0.14738400549158,0.6964594391998843,0.7615400142246971,0.3012071063358469,0.18498900140902,0.07721907299443123,0.008929018080698863,0.005030150165810258,0.005451077301882618,160,9.155523214565697e-11
LSO,3409,M0,interaction_double,frozen_pair_mean_test,459058,8127,984,0.6033408652422079,0.12220833891299626,0.3405441465169723,0.2350330739346526,0.20677262297613602,8127,0.42021087236489063,0.44354380681992167,983,0.5836238041507693,0.3124362052630002,0.2022777868953964,0.14738400549158,0.6964594391534362,0.7615400143063196,0.3012071063358469,0.7399560056360799,-0.10177487572995181,0.008929018082098106,0.006005860016876086,0.005451077301882618,160,9.155524602344478e-11
LSO,3409,M4,original,frozen_pair_mean_test,459058,8127,984,0.6125880351378012,0.119260612721263,0.37197328540993,0.33126932324184305,0.3254448765842438,8127,0.42439517887816636,0.46356905435133205,983,0.5916369266493812,0.34520494617025554,0.2022777868953964,0.14738400549158,0.6817340788096613,0.7428752133289132,0.30508225494458635,0.3459089901576698,0.09140835997391436,0.009270290481500316,0.004952803265626497,0.005451077301882618,143,9.467704398247179e-11
LSO,3409,M4,drug_offset,frozen_pair_mean_test,459058,8127,984,0.4996904214005738,0.13946550517212158,0.14114933975757926,0.3312693232418431,0.3254448765842446,8127,0.33702651927763333,0.393693394741637,983,0.4766081185099326,0.10454260743952204,0.2022777868953964,0.14738400549158,0.5499299845610807,0.9312348924649475,0.30508225494458635,0.3459089901576698,0.09140835997391436,0.014497823867997932,0.004952803265626498,0.005451077301882618,143,9.467705092136569e-11
LSO,3409,M4,sample_offset,frozen_pair_mean_test,459058,8127,984,0.485787141163911,0.1413455709317068,0.11783778073629869,0.0864182734721742,0.06780193003484415,8127,0.42439517887816736,0.4635690543513317,983,0.4671961652206175,0.08023744144963585,0.2022777868953964,0.14738400549158,0.5336350762983008,0.9316777921329489,0.3050822549445866,0.3459089901576698,0.0914083599739145,0.015025767156839037,0.004952803265626499,0.005451077301882618,144,9.062341849164213e-11
LSO,3409,M4,interaction_half,frozen_pair_mean_test,459058,8127,984,0.6084648176031991,0.11962094836086627,0.3681724952532205,0.3272615558278624,0.3261924714752239,8127,0.42118478138610715,0.46318935164278807,983,0.586939389781927,0.34124215519745016,0.2022777868953964,0.14738400549158,0.6817340788019078,0.7428752133478302,0.3050822549445867,0.1729544950788349,0.07561743735493201,0.009270290481738165,0.00503888080549062,0.005451077301882618,143,9.467703357413093e-11
LSO,3409,M4,interaction_double,frozen_pair_mean_test,459058,8127,984,0.5956209520120779,0.12259402732609273,0.3363751047257888,0.24796984822539359,0.21360198585004458,8127,0.40774623229237006,0.44838148290809526,983,0.5751366528998284,0.3080894666917624,0.2022777868953964,0.14738400549158,0.681734078825166,0.742875213291079,0.3050822549445862,0.6918179803153397,-0.05648933899596936,0.009270290481024623,0.005759005055481897,0.005451077301882618,143,9.467709255472911e-11
LSO,3410,M0,original,frozen_pair_mean_test,475001,8127,986,0.6201456561843833,0.11871267662061658,0.3668581639166263,0.33418652225026996,0.3264271381329759,8126,0.4390016907181569,0.4734824739331841,982,0.6002155568732057,0.3402676468567529,0.20077661989482876,0.14615641569654247,0.6952794389704492,0.8387327570161467,0.27503181328836646,0.37194257509494466,0.06625080256675553,0.009068130019607826,0.005024569570095256,0.005381069760388709,166,9.246903243109728e-11
LSO,3410,M0,drug_offset,frozen_pair_mean_test,475001,8127,986,0.5076308698835683,0.14154597738287364,0.09987695597730317,0.334186522250271,0.32642713813297763,8126,0.3382745772650104,0.36283142976228977,982,0.48462111988071627,0.06207383542199241,0.20077661989482876,0.14615641569654247,0.5632008470963175,1.0175847039872739,0.27503181328836646,0.3719425750949446,0.06625080256675556,0.015010694142359143,0.005024569570095255,0.005381069760388709,166,9.246906018667289e-11
LSO,3410,M0,sample_offset,frozen_pair_mean_test,475001,8127,986,0.5132066886027367,0.1404010524387567,0.11437973928989098,0.11566652625087098,0.09438146923410803,8126,0.4390016907181568,0.473482473933183,982,0.4936116924807331,0.07718570264771196,0.20077661989482876,0.14615641569654247,0.5696904563662105,1.010927279738371,0.27503181328836734,0.37194257509494455,0.0662508025667562,0.014687885955041906,0.005024569570095257,0.005381069760388709,169,9.822714863716442e-11
LSO,3410,M0,interaction_half,frozen_pair_mean_test,475001,8127,986,0.6175398782093476,0.11867958403504952,0.3672111065109682,0.33069995990017326,0.3256096588787891,8126,0.43870706564899636,0.47327393663011547,982,0.597211019783295,0.34063541223730354,0.20077661989482876,0.14615641569654247,0.6952794389803952,0.8387327570001566,0.27503181328836657,0.18597128754747233,0.06771072107544245,0.009068130019248844,0.00501671364675553,0.005381069760388709,166,9.246903243109728e-11
LSO,3410,M0,interaction_double,frozen_pair_mean_test,475001,8127,986,0.6018936111594408,0.12338981946962728,0.31598523777404885,0.24137540332894286,0.21427819246887803,8126,0.42004238453699977,0.44937172453677254,982,0.5820163677937474,0.2872581735246107,0.20077661989482876,0.14615641569654247,0.6952794389505601,0.8387327570481268,0.27503181328836734,0.743885150189889,-0.1441809532030044,0.009068130020325785,0.006156917527693419,0.005381069760388709,166,9.246908794224851e-11
LSO,3410,M4,original,frozen_pair_mean_test,475001,8127,986,0.6232511460154582,0.11685015583380512,0.38656943874239624,0.348632325330156,0.33560548032652093,8126,0.43577172418055155,0.4607030984016203,982,0.6024773134329541,0.36080675039270393,0.20077661989482876,0.14615641569654247,0.6959536508353439,0.6918142459824193,0.30440034937533994,0.37634125826103065,0.08748407832852978,0.008743647085922627,0.004910311831979577,0.005381069760388709,160,9.486053609286671e-11
LSO,3410,M4,drug_offset,frozen_pair_mean_test,475001,8127,986,0.4778675916157156,0.14004385658560564,0.11888023949589677,0.34863232533015653,0.3356054803265105,8126,0.3057705934893009,0.31984343308063884,982,0.4536357828195262,0.08187521362616335,0.20077661989482876,0.14615641569654247,0.5233023763865906,0.9008588494860266,0.30440034937534,0.37634125826103065,0.08748407832852981,0.01470196993481485,0.004910311831979576,0.005381069760388709,160,9.486053609286671e-11
LSO,3410,M4,sample_offset,frozen_pair_mean_test,475001,8127,986,0.48496512163606165,0.13875551621640683,0.1350174782576441,0.10938817215188998,0.08605005613537653,8126,0.4357717241805521,0.46070309840161977,982,0.46428360053704265,0.09869017971240379,0.20077661989482876,0.14615641569654247,0.5315766386804773,0.8921246689320219,0.3044003493753404,0.3763412582610306,0.08748407832853008,0.01434278144803246,0.004910311831979578,0.005381069760388709,166,9.233716569134742e-11
LSO,3410,M4,interaction_half,frozen_pair_mean_test,475001,8127,986,0.6217144340227633,0.11704188978814482,0.38455468812025484,0.3416871649306983,0.33213217948868934,8126,0.43942158024828565,0.46995082645230407,982,0.6005174486210518,0.35870738482690157,0.20077661989482876,0.14615641569654247,0.695953650845876,0.6918142459677505,0.30440034937534083,0.1881706291305153,0.07915022483163914,0.00874364708567869,0.004955156879019208,0.005381069760388709,160,9.486053609286671e-11
LSO,3410,M4,interaction_double,frozen_pair_mean_test,475001,8127,986,0.5947057380337732,0.121274367975194,0.3392383074651957,0.2524399021712291,0.2199894114518829,8126,0.39167164451782577,0.41863345353090653,982,0.5738655658109689,0.31148781925461455,0.20077661989482876,0.14615641569654247,0.6959536508142744,0.6918142460117562,0.30440034937534055,0.7526825165220612,-0.10829732868193104,0.008743647086410499,0.005963825240889924,0.005381069760388709,160,9.486053609286671e-11
LSO,3411,M0,original,frozen_pair_mean_test,474086,8127,984,0.6195374377917136,0.11543457044653162,0.37845860956390287,0.33231319398899967,0.32389285862922423,8127,0.46964609426452325,0.4713134568715899,982,0.6027269245534298,0.35685380730803995,0.18589181513704517,0.1439771344127154,0.6940369497194898,0.7638117521971152,0.2761627326260028,0.38632350035683777,0.06413046014441415,0.00854331093473472,0.00478182911878511,0.0051095039587707855,145,9.704884118555412e-11
LSO,3411,M0,drug_offset,frozen_pair_mean_test,474086,8127,984,0.5020478589377559,0.13604155933965248,0.1367402837505155,0.33231319398900006,0.32389285862922473,8127,0.34698475640753434,0.34987579382078304,982,0.4823815753083023,0.10673334334074414,0.18589181513704517,0.1439771344127154,0.5547471663753705,0.9398164489006762,0.2761627326260028,0.38632350035683777,0.06413046014441415,0.013725476747977092,0.004781829118785111,0.0051095039587707855,145,9.704884118555412e-11
LSO,3411,M0,sample_offset,frozen_pair_mean_test,474086,8127,984,0.5086401099379559,0.13677693122520404,0.12738236874259756,0.1840608851013947,0.1714299788703467,8127,0.4696460942645223,0.4713134568715891,982,0.4827290397105128,0.09705014685296953,0.18589181513704517,0.1439771344127154,0.5627104673717679,0.9743693527955054,0.2761627326260027,0.38632350035683777,0.06413046014441406,0.013926099797249712,0.00478182911878511,0.0051095039587707855,152,9.633491226956892e-11
LSO,3411,M0,interaction_half,frozen_pair_mean_test,474086,8127,984,0.6186248746473005,0.11531840448261094,0.37970893907514514,0.3425382701171232,0.34738641670340564,8127,0.47269887351886525,0.4712146359992237,982,0.6015388045158432,0.358147598320416,0.18589181513704517,0.1439771344127154,0.6940369497311649,0.7638117521819184,0.27616273262600216,0.1931617501784189,0.06937669180419674,0.008543310934408802,0.0047550234773508174,0.0051095039587707855,145,9.704884118555412e-11
LSO,3411,M0,interaction_double,frozen_pair_mean_test,474086,8127,984,0.5935631708612167,0.12050979091450804,0.322603515393422,0.2240011679266264,0.1931683640853956,8127,0.4421008169910282,0.453438255753265,982,0.5766109597006743,0.2990571879501712,0.18589181513704517,0.1439771344127154,0.6940369496961332,0.7638117522275094,0.27616273262600277,0.7726470007136759,-0.17023077356709132,0.008543310935386551,0.005979298770216454,0.0051095039587707855,145,9.704886894112974e-11
LSO,3411,M4,original,frozen_pair_mean_test,474086,8127,984,0.6033666946655629,0.1169981540323712,0.3615067772338555,0.3517144138192577,0.3465069084786451,8127,0.42442971066861773,0.43117180191434423,982,0.5849592008029008,0.3393127286446016,0.18589181513704517,0.1439771344127154,0.6723148238368771,0.6739519608230179,0.2947327631609817,0.36090401027243074,0.08248876773622285,0.009000540773916236,0.004688027273468428,0.0051095039587707855,135,9.297901337745884e-11
LSO,3411,M4,drug_offset,frozen_pair_mean_test,474086,8127,984,0.46786082008622004,0.13731283524096138,0.1205309879651294,0.35171441381925783,0.34650690847864957,8127,0.2885896175713907,0.293545120784271,982,0.44653943512512373,0.08996061182036308,0.18589181513704517,0.1439771344127154,0.5120454365467794,0.867803509973243,0.29473276316098174,0.36090401027243074,0.0824887677362229,0.014166787448985587,0.004688027273468428,0.0051095039587707855,135,9.297901337745884e-11
LSO,3411,M4,sample_offset,frozen_pair_mean_test,474086,8127,984,0.4733524980811986,0.13836360551174598,0.10701942148243515,0.18584700804669443,0.17423768568624043,8127,0.4244297106686173,0.43117180191434346,982,0.44537421738089894,0.07597938277534022,0.18589181513704517,0.1439771344127154,0.5189661861539652,0.9081172562653008,0.29473276316098207,0.3609040102724307,0.08248876773622316,0.014456460057156555,0.004688027273468428,0.0051095039587707855,157,9.591633043370962e-11
LSO,3411,M4,interaction_half,frozen_pair_mean_test,474086,8127,984,0.6015946162696694,0.11718756755439802,0.3594377335282617,0.3477328686154079,0.34957921243408635,8127,0.4336313909237633,0.43367246780059965,982,0.5828275493285737,0.3371717649014915,0.18589181513704517,0.1439771344127154,0.6723148238461725,0.6739519608113207,0.2947327631609822,0.18045200513621537,0.0738073100257923,0.009000540773711041,0.004732385216007777,0.0051095039587707855,135,9.297904113303446e-11
LSO,3411,M4,interaction_double,frozen_pair_mean_test,474086,8127,984,0.577284596329114,0.12082274025606742,0.31908071381148406,0.25969637585116234,0.23532184056077188,8127,0.38239985165110285,0.41469669716459057,982,0.5588473762473263,0.2954119336519129,0.18589181513704517,0.1439771344127154,0.6723148238182902,0.6739519608464122,0.2947327631609824,0.7218080205448614,-0.09552587378899868,0.009000540774326639,0.005597593789060711,0.0051095039587707855,135,9.297890235515638e-11
