split,seed,model,n_pairs,n_rectangles,GDSC1_MAE,GDSC1_RMSE,GDSC1_sign_accuracy,GDSC1_Pearson,GDSC1_Spearman,GDSC1_observed_abs_mean,GDSC1_predicted_abs_mean,GDSC2_MAE,GDSC2_RMSE,GDSC2_sign_accuracy,GDSC2_Pearson,GDSC2_Spearman,GDSC2_observed_abs_mean,GDSC2_predicted_abs_mean
LCLO,3407,M0,5381,50000,0.1857617322539169,0.2511453190158988,0.55718,0.20396642029390172,0.17999802777383253,0.18680240226125405,0.053520856558308,0.12674808924255543,0.17531816159784247,0.5725,0.27066500356083045,0.2509231708432492,0.1269669035885081,0.053520856558308
LCLO,3407,M4,5381,50000,0.18718308038808854,0.2527129598345009,0.56308,0.20525442933696655,0.1943824180318363,0.18680240226125405,0.06418704850489886,0.13263052749223703,0.18186541960389788,0.56584,0.22878874483019315,0.21657484316048814,0.1269669035885081,0.06418704850489886
LCLO,3408,M0,5024,50000,0.1961814276839628,0.2664596150632775,0.57736,0.22538594117158997,0.22553547151995562,0.1996087160381947,0.0548267857888341,0.14184287181499336,0.19913395829830394,0.57464,0.22907761071871907,0.22430529850180916,0.14153999856800664,0.0548267857888341
LCLO,3408,M4,5024,50000,0.19763443866346073,0.2677140130240468,0.5796,0.23704128086350554,0.22820902199077875,0.1996087160381947,0.06904766084875795,0.14417051766374675,0.20093237625078,0.57968,0.2590673688291432,0.24236215877209616,0.14153999856800664,0.06904766084875795
LCLO,3409,M0,4927,50000,0.2026605507802282,0.27280780491507006,0.57314,0.2656486941056326,0.2330318375723185,0.20466964557944434,0.0836179627918452,0.1490482590936612,0.2019085374104823,0.58112,0.3134107374539427,0.267312406617156,0.14588789277957517,0.0836179627918452
LCLO,3409,M4,4927,50000,0.21156878166910992,0.2852391159032948,0.56422,0.19374352918949575,0.1945735847015607,0.20466964557944434,0.09203958662271033,0.1595455018020358,0.21706187903376162,0.56536,0.23046157571466314,0.20528355414036487,0.14588789277957517,0.09203958662271033
LCLO,3410,M0,5411,50000,0.19558026797778405,0.26765905400215745,0.56706,0.2166321098026508,0.20133637968693657,0.19918912108500628,0.05124131285533309,0.1286055275444233,0.17733667775524142,0.57704,0.28589789173049346,0.24709078850628077,0.13173055155563218,0.05124131285533309
LCLO,3410,M4,5411,50000,0.20181718948268404,0.2739847421470128,0.56798,0.22603397492579913,0.20286835084512836,0.19918912108500628,0.08395878567180233,0.13854430470251736,0.1900740015644023,0.58408,0.2876205242186562,0.26316247969002216,0.13173055155563218,0.08395878567180233
LCLO,3411,M0,4946,50000,0.19275403226611307,0.2627136741894954,0.57336,0.24596515959093224,0.2211841501206833,0.1927849538217856,0.07934352485135197,0.13940844775883085,0.19143328686106137,0.58568,0.3093023328283754,0.2685717243257912,0.1357047350359561,0.07934352485135197
LCLO,3411,M4,4946,50000,0.1912640437060212,0.25971457310037804,0.57224,0.2641363279452231,0.22637699185928614,0.1927849538217856,0.07871458823078603,0.13956241854967047,0.19018417182303382,0.57844,0.30860444335113213,0.25528876542219076,0.1357047350359561,0.07871458823078603
LSO,3407,M0,3380,50000,0.17052648496139344,0.23491181383457937,0.5303,0.1355026519667004,0.11122753948843885,0.16788640430259746,0.04470404937803745,0.12551793790733723,0.17667225389304586,0.51118,0.08372817852532223,0.06606492634132294,0.11892546934213791,0.04470404937803745
LSO,3407,M4,3380,50000,0.16920708859011974,0.23310378532822815,0.531,0.16311916609937901,0.10699042044219305,0.16788640430259746,0.04028595328389143,0.1227962492059306,0.17104692916820777,0.51932,0.1740562177052967,0.08291922544778071,0.11892546934213791,0.04028595328389143
LSO,3408,M0,6916,50000,0.21748447993219733,0.29549618332097355,0.58178,0.2550668156316294,0.2516537116359708,0.22068959637704635,0.07985098675474525,0.16124031432449992,0.21712358836436602,0.6058,0.37876873176540615,0.34746292358292574,0.17109657079538432,0.07985098675474525
LSO,3408,M4,6916,50000,0.21694298201432152,0.295625674452074,0.57534,0.24311152731511287,0.2418552808689521,0.22068959637704635,0.07138066026918125,0.1615279393522615,0.2182508794136088,0.60392,0.3593323387068948,0.3373027773771828,0.17109657079538432,0.07138066026918125
LSO,3409,M0,2723,50000,0.167564798889671,0.23423540492898395,0.5811,0.45709022461426,0.32362023691648284,0.1760820605252065,0.05339621451795101,0.1164503607039596,0.1634585841095247,0.59158,0.5210961612793564,0.36127800029566787,0.12671283968757716,0.05339621451795101
LSO,3409,M4,2723,50000,0.16627951621283457,0.2381718786652319,0.59802,0.5107191762423293,0.3723547699867392,0.1760820605252065,0.034163257600928774,0.11751094718373176,0.16927019393722784,0.5855,0.527880685637896,0.35120537414899544,0.12671283968757716,0.034163257600928774
LSO,3410,M0,7164,50000,0.17701905578687166,0.24543231337035212,0.5484,0.17694640249467605,0.1557305322822096,0.17451237388387272,0.060843896827846765,0.12125707065993631,0.1667063212365912,0.58322,0.34186871875024966,0.2811143978638613,0.12404731193770357,0.060843896827846765
LSO,3410,M4,7164,50000,0.1757136939121104,0.24241865411247782,0.55836,0.22538474402537734,0.19101524899244612,0.17451237388387272,0.06383877977864308,0.12269667293288064,0.16645629984637814,0.59586,0.36151464688618873,0.3112638455102001,0.12404731193770357,0.06383877977864308
LSO,3411,M0,4953,50000,0.16923653448766102,0.2457585445672184,0.52084,0.04192796223139431,0.05338090997958204,0.16352089435457431,0.03844968917943537,0.12695623803575304,0.17787808593592844,0.52008,0.09319574523230192,0.07199929325273541,0.12114156280348876,0.03844968917943537
LSO,3411,M4,4953,50000,0.168788168993154,0.24625738244686401,0.52322,0.03803108585688145,0.056273443740865625,0.16352089435457431,0.03947214638022589,0.12690310258438192,0.17759573392683226,0.52098,0.10479065911096351,0.07425674112751493,0.12114156280348876,0.03947214638022589
