split,seed,criterion,metric_field,M0_selection_value,M4_selection_value,selected_model,GDSC2_MAE,GDSC2_RMSE,GDSC2_sign_accuracy,GDSC2_Pearson,GDSC2_Spearman,GDSC2_observed_abs_mean,GDSC2_predicted_abs_mean
LCLO,3407,global_Pearson,global_Pearson,0.663601129588259,0.6316779313000389,M0,0.12674808924255543,0.17531816159784247,0.5725,0.27066500356083045,0.2509231708432492,0.1269669035885081,0.053520856558308
LCLO,3407,fixed_drug_Pearson,fixed_drug_Pearson_mean,0.15268328042821055,0.197799537176919,M4,0.13263052749223703,0.18186541960389788,0.56584,0.22878874483019315,0.21657484316048814,0.1269669035885081,0.06418704850489886
LCLO,3407,fixed_cell_Pearson,fixed_cell_Pearson_mean,0.6884123142685094,0.6580685374255679,M0,0.12674808924255543,0.17531816159784247,0.5725,0.27066500356083045,0.2509231708432492,0.1269669035885081,0.053520856558308
LCLO,3407,DrEval_normalized_Pearson,dreval_normalized_Pearson,0.2720314336890769,0.20845302594998627,M0,0.12674808924255543,0.17531816159784247,0.5725,0.27066500356083045,0.2509231708432492,0.1269669035885081,0.053520856558308
LCLO,3407,RISE_interaction_Pearson,rise_interaction_Pearson,0.22568819036513926,0.20977789557947316,M0,0.12674808924255543,0.17531816159784247,0.5725,0.27066500356083045,0.2509231708432492,0.1269669035885081,0.053520856558308
LCLO,3407,RISE_interaction_R2,rise_interaction_R2,0.04227751776483783,0.016955029141881822,M0,0.12674808924255543,0.17531816159784247,0.5725,0.27066500356083045,0.2509231708432492,0.1269669035885081,0.053520856558308
LCLO,3408,global_Pearson,global_Pearson,0.650539541408689,0.6368150449642924,M0,0.14184287181499336,0.19913395829830394,0.57464,0.22907761071871907,0.22430529850180916,0.14153999856800664,0.0548267857888341
LCLO,3408,fixed_drug_Pearson,fixed_drug_Pearson_mean,0.20342432725656087,0.22906145657075386,M4,0.14417051766374675,0.20093237625078,0.57968,0.2590673688291432,0.24236215877209616,0.14153999856800664,0.06904766084875795
LCLO,3408,fixed_cell_Pearson,fixed_cell_Pearson_mean,0.664201547012453,0.6582662223480937,M0,0.14184287181499336,0.19913395829830394,0.57464,0.22907761071871907,0.22430529850180916,0.14153999856800664,0.0548267857888341
LCLO,3408,DrEval_normalized_Pearson,dreval_normalized_Pearson,0.21648816575641205,0.19898977860693304,M0,0.14184287181499336,0.19913395829830394,0.57464,0.22907761071871907,0.22430529850180916,0.14153999856800664,0.0548267857888341
LCLO,3408,RISE_interaction_Pearson,rise_interaction_Pearson,0.2327993193420778,0.24459139467794586,M4,0.14417051766374675,0.20093237625078,0.57968,0.2590673688291432,0.24236215877209616,0.14153999856800664,0.06904766084875795
LCLO,3408,RISE_interaction_R2,rise_interaction_R2,0.0472891680450786,0.03859507284733396,M0,0.14184287181499336,0.19913395829830394,0.57464,0.22907761071871907,0.22430529850180916,0.14153999856800664,0.0548267857888341
LCLO,3409,global_Pearson,global_Pearson,0.6179712700056779,0.5889661746619723,M0,0.1490482590936612,0.2019085374104823,0.58112,0.3134107374539427,0.267312406617156,0.14588789277957517,0.0836179627918452
LCLO,3409,fixed_drug_Pearson,fixed_drug_Pearson_mean,0.21650963073753485,0.1955695195159263,M0,0.1490482590936612,0.2019085374104823,0.58112,0.3134107374539427,0.267312406617156,0.14588789277957517,0.0836179627918452
LCLO,3409,fixed_cell_Pearson,fixed_cell_Pearson_mean,0.6420608997186895,0.6134941558327875,M0,0.1490482590936612,0.2019085374104823,0.58112,0.3134107374539427,0.267312406617156,0.14588789277957517,0.0836179627918452
LCLO,3409,DrEval_normalized_Pearson,dreval_normalized_Pearson,0.2222835038783215,0.16495345397481165,M0,0.1490482590936612,0.2019085374104823,0.58112,0.3134107374539427,0.267312406617156,0.14588789277957517,0.0836179627918452
LCLO,3409,RISE_interaction_Pearson,rise_interaction_Pearson,0.26462612176233213,0.20274178803709553,M0,0.1490482590936612,0.2019085374104823,0.58112,0.3134107374539427,0.267312406617156,0.14588789277957517,0.0836179627918452
LCLO,3409,RISE_interaction_R2,rise_interaction_R2,0.03369113870417248,-0.052916203557306835,M0,0.1490482590936612,0.2019085374104823,0.58112,0.3134107374539427,0.267312406617156,0.14588789277957517,0.0836179627918452
LCLO,3410,global_Pearson,global_Pearson,0.6417518965111708,0.6098300027753664,M0,0.1286055275444233,0.17733667775524142,0.57704,0.28589789173049346,0.24709078850628077,0.13173055155563218,0.05124131285533309
LCLO,3410,fixed_drug_Pearson,fixed_drug_Pearson_mean,0.26323422239162036,0.2721398526893871,M4,0.13854430470251736,0.1900740015644023,0.58408,0.2876205242186562,0.26316247969002216,0.13173055155563218,0.08395878567180233
LCLO,3410,fixed_cell_Pearson,fixed_cell_Pearson_mean,0.648704410355389,0.6189696058428884,M0,0.1286055275444233,0.17733667775524142,0.57704,0.28589789173049346,0.24709078850628077,0.13173055155563218,0.05124131285533309
LCLO,3410,DrEval_normalized_Pearson,dreval_normalized_Pearson,0.20251043650768621,0.1785752343372435,M0,0.1286055275444233,0.17733667775524142,0.57704,0.28589789173049346,0.24709078850628077,0.13173055155563218,0.05124131285533309
LCLO,3410,RISE_interaction_Pearson,rise_interaction_Pearson,0.24337419580179312,0.24643257446297667,M4,0.13854430470251736,0.1900740015644023,0.58408,0.2876205242186562,0.26316247969002216,0.13173055155563218,0.08395878567180233
LCLO,3410,RISE_interaction_R2,rise_interaction_R2,0.05783676238397997,0.005828418646692035,M0,0.1286055275444233,0.17733667775524142,0.57704,0.28589789173049346,0.24709078850628077,0.13173055155563218,0.05124131285533309
LCLO,3411,global_Pearson,global_Pearson,0.6421917239420625,0.651144825527138,M4,0.13956241854967047,0.19018417182303382,0.57844,0.30860444335113213,0.25528876542219076,0.1357047350359561,0.07871458823078603
LCLO,3411,fixed_drug_Pearson,fixed_drug_Pearson_mean,0.21822442605199865,0.21959580212268923,M4,0.13956241854967047,0.19018417182303382,0.57844,0.30860444335113213,0.25528876542219076,0.1357047350359561,0.07871458823078603
LCLO,3411,fixed_cell_Pearson,fixed_cell_Pearson_mean,0.6715692047040421,0.6795243041305483,M4,0.13956241854967047,0.19018417182303382,0.57844,0.30860444335113213,0.25528876542219076,0.1357047350359561,0.07871458823078603
LCLO,3411,DrEval_normalized_Pearson,dreval_normalized_Pearson,0.2233844436534017,0.24702732072402772,M4,0.13956241854967047,0.19018417182303382,0.57844,0.30860444335113213,0.25528876542219076,0.1357047350359561,0.07871458823078603
LCLO,3411,RISE_interaction_Pearson,rise_interaction_Pearson,0.25378611418644764,0.27406909742220953,M4,0.13956241854967047,0.19018417182303382,0.57844,0.30860444335113213,0.25528876542219076,0.1357047350359561,0.07871458823078603
LCLO,3411,RISE_interaction_R2,rise_interaction_R2,0.021902800060830396,0.047658449621569815,M4,0.13956241854967047,0.19018417182303382,0.57844,0.30860444335113213,0.25528876542219076,0.1357047350359561,0.07871458823078603
LSO,3407,global_Pearson,global_Pearson,0.2808565918390303,0.2998350447013615,M4,0.1227962492059306,0.17104692916820777,0.51932,0.1740562177052967,0.08291922544778071,0.11892546934213791,0.04028595328389143
LSO,3407,fixed_drug_Pearson,fixed_drug_Pearson_mean,0.17222448917187122,0.16647646760137905,M0,0.12551793790733723,0.17667225389304586,0.51118,0.08372817852532223,0.06606492634132294,0.11892546934213791,0.04470404937803745
LSO,3407,fixed_cell_Pearson,fixed_cell_Pearson_mean,0.2694050745904532,0.27861532536910594,M4,0.1227962492059306,0.17104692916820777,0.51932,0.1740562177052967,0.08291922544778071,0.11892546934213791,0.04028595328389143
LSO,3407,DrEval_normalized_Pearson,dreval_normalized_Pearson,0.31328050635982463,0.326923261882739,M4,0.1227962492059306,0.17104692916820777,0.51932,0.1740562177052967,0.08291922544778071,0.11892546934213791,0.04028595328389143
LSO,3407,RISE_interaction_Pearson,rise_interaction_Pearson,0.11328945118258196,0.16547308465192484,M4,0.1227962492059306,0.17104692916820777,0.51932,0.1740562177052967,0.08291922544778071,0.11892546934213791,0.04028595328389143
LSO,3407,RISE_interaction_R2,rise_interaction_R2,-0.004269838028923799,0.024170447317596273,M4,0.1227962492059306,0.17104692916820777,0.51932,0.1740562177052967,0.08291922544778071,0.11892546934213791,0.04028595328389143
LSO,3408,global_Pearson,global_Pearson,0.2634470403402905,0.3153700078263087,M4,0.1615279393522615,0.2182508794136088,0.60392,0.3593323387068948,0.3373027773771828,0.17109657079538432,0.07138066026918125
LSO,3408,fixed_drug_Pearson,fixed_drug_Pearson_mean,0.292694845688119,0.2749265184310079,M0,0.16124031432449992,0.21712358836436602,0.6058,0.37876873176540615,0.34746292358292574,0.17109657079538432,0.07985098675474525
LSO,3408,fixed_cell_Pearson,fixed_cell_Pearson_mean,0.22230045362907447,0.2904611257951373,M4,0.1615279393522615,0.2182508794136088,0.60392,0.3593323387068948,0.3373027773771828,0.17109657079538432,0.07138066026918125
LSO,3408,DrEval_normalized_Pearson,dreval_normalized_Pearson,0.2558195261393734,0.3106216919753257,M4,0.1615279393522615,0.2182508794136088,0.60392,0.3593323387068948,0.3373027773771828,0.17109657079538432,0.07138066026918125
LSO,3408,RISE_interaction_Pearson,rise_interaction_Pearson,0.2432746459107481,0.22966826770061088,M0,0.16124031432449992,0.21712358836436602,0.6058,0.37876873176540615,0.34746292358292574,0.17109657079538432,0.07985098675474525
LSO,3408,RISE_interaction_R2,rise_interaction_R2,0.034328354596535215,0.03455891350470022,M4,0.1615279393522615,0.2182508794136088,0.60392,0.3593323387068948,0.3373027773771828,0.17109657079538432,0.07138066026918125
LSO,3409,global_Pearson,global_Pearson,0.3896743569831858,0.11630555520803759,M0,0.1164503607039596,0.1634585841095247,0.59158,0.5210961612793564,0.36127800029566787,0.12671283968757716,0.05339621451795101
LSO,3409,fixed_drug_Pearson,fixed_drug_Pearson_mean,0.23104418377065442,0.21941755905390542,M0,0.1164503607039596,0.1634585841095247,0.59158,0.5210961612793564,0.36127800029566787,0.12671283968757716,0.05339621451795101
LSO,3409,fixed_cell_Pearson,fixed_cell_Pearson_mean,0.1843272374721825,-0.0912965940972461,M0,0.1164503607039596,0.1634585841095247,0.59158,0.5210961612793564,0.36127800029566787,0.12671283968757716,0.05339621451795101
LSO,3409,DrEval_normalized_Pearson,dreval_normalized_Pearson,0.4474469898719705,0.17621171068527433,M0,0.1164503607039596,0.1634585841095247,0.59158,0.5210961612793564,0.36127800029566787,0.12671283968757716,0.05339621451795101
LSO,3409,RISE_interaction_Pearson,rise_interaction_Pearson,0.47032758337601904,0.5199286565735739,M4,0.11751094718373176,0.16927019393722784,0.5855,0.527880685637896,0.35120537414899544,0.12671283968757716,0.034163257600928774
LSO,3409,RISE_interaction_R2,rise_interaction_R2,0.18311065669261026,0.15370531600436085,M0,0.1164503607039596,0.1634585841095247,0.59158,0.5210961612793564,0.36127800029566787,0.12671283968757716,0.05339621451795101
LSO,3410,global_Pearson,global_Pearson,0.31946243114213635,0.31237343525329153,M0,0.12125707065993631,0.1667063212365912,0.58322,0.34186871875024966,0.2811143978638613,0.12404731193770357,0.060843896827846765
LSO,3410,fixed_drug_Pearson,fixed_drug_Pearson_mean,0.1851486913760062,0.23682538692734312,M4,0.12269667293288064,0.16645629984637814,0.59586,0.36151464688618873,0.3112638455102001,0.12404731193770357,0.06383877977864308
LSO,3410,fixed_cell_Pearson,fixed_cell_Pearson_mean,0.30093326456437974,0.2902552922977852,M0,0.12125707065993631,0.1667063212365912,0.58322,0.34186871875024966,0.2811143978638613,0.12404731193770357,0.060843896827846765
LSO,3410,DrEval_normalized_Pearson,dreval_normalized_Pearson,0.3183011060099085,0.31148348836156814,M0,0.12125707065993631,0.1667063212365912,0.58322,0.34186871875024966,0.2811143978638613,0.12404731193770357,0.060843896827846765
LSO,3410,RISE_interaction_Pearson,rise_interaction_Pearson,0.16568132725008797,0.2101109708498941,M4,0.12269667293288064,0.16645629984637814,0.59586,0.36151464688618873,0.3112638455102001,0.12404731193770357,0.06383877977864308
LSO,3410,RISE_interaction_R2,rise_interaction_R2,-0.019533168837169657,0.0003081581470223138,M4,0.12269667293288064,0.16645629984637814,0.59586,0.36151464688618873,0.3112638455102001,0.12404731193770357,0.06383877977864308
LSO,3411,global_Pearson,global_Pearson,0.4366096523000252,0.20704809167673044,M0,0.12695623803575304,0.17787808593592844,0.52008,0.09319574523230192,0.07199929325273541,0.12114156280348876,0.03844968917943537
LSO,3411,fixed_drug_Pearson,fixed_drug_Pearson_mean,0.13255476831258586,0.1348081211243504,M4,0.12690310258438192,0.17759573392683226,0.52098,0.10479065911096351,0.07425674112751493,0.12114156280348876,0.03947214638022589
LSO,3411,fixed_cell_Pearson,fixed_cell_Pearson_mean,0.4582233634235951,0.25997004284343067,M0,0.12695623803575304,0.17787808593592844,0.52008,0.09319574523230192,0.07199929325273541,0.12114156280348876,0.03844968917943537
LSO,3411,DrEval_normalized_Pearson,dreval_normalized_Pearson,0.4590649630383688,0.22772370233940833,M0,0.12695623803575304,0.17787808593592844,0.52008,0.09319574523230192,0.07199929325273541,0.12114156280348876,0.03844968917943537
LSO,3411,RISE_interaction_Pearson,rise_interaction_Pearson,0.04276208459150118,0.04345520885331493,M4,0.12690310258438192,0.17759573392683226,0.52098,0.10479065911096351,0.07425674112751493,0.12114156280348876,0.03947214638022589
LSO,3411,RISE_interaction_R2,rise_interaction_R2,-0.02842420084326236,-0.031060797713830614,M0,0.12695623803575304,0.17787808593592844,0.52008,0.09319574523230192,0.07199929325273541,0.12114156280348876,0.03844968917943537
