split,arm,seed,rule,best_epoch,n_params,interaction_R2,n,rawPCC,sharedPCC,intPCC,A_int,A_shared,MSE_raw,E_shared,E_interaction
LCLO,M0,3407,frozen_valMSE,16,19501057,0.09900549396429455,557484,0.8670633196787937,0.9661016803695178,0.31604775779990907,0.3457242004111022,0.852534065753975,0.005987144171276473,0.001541321287221187,0.004445822884061912
LCLO,M3,3407,frozen_valMSE,27,20029444,0.08944222652213829,557484,0.867578014369404,0.9680685652468464,0.3035871950387482,0.35576916960235244,0.8794480855419544,0.006027936127751492,0.0015349247281645517,0.004493011399592171
LCLO,M4,3407,frozen_valMSE,19,20029444,0.09322254961649612,557484,0.8653440933104081,0.9653964740343867,0.3101008567611113,0.36432254750825765,0.8462309815973804,0.00600930786997388,0.0015349499102930613,0.004474357959632816
LCLO,M0,3408,frozen_valMSE,24,19501057,0.1267741372461937,474279,0.8565770008120096,0.960755517517378,0.3560535643103253,0.35611197572399356,0.9631910921554864,0.005904350075839927,0.0013099835664941353,0.004594366509354085
LCLO,M3,3408,frozen_valMSE,29,20029444,0.1357217763241893,474279,0.8603728677200756,0.9639280631308781,0.3706376325093665,0.4112637116699121,0.933269744543986,0.005825188327197983,0.00127789867957771,0.00454728964748917
LCLO,M4,3408,frozen_valMSE,24,20029444,0.1368093572480057,474279,0.8604111132408356,0.9640007054413003,0.3723863889700759,0.4155403626245031,0.9113659237162021,0.005970773632158049,0.0014292061528281214,0.0045415674791639705
LCLO,M0,3409,frozen_valMSE,30,19501057,0.04971418852643192,486991,0.8534533539592778,0.9642292799003384,0.25071900123984814,0.3653742630304658,0.9402170240414424,0.006074772518302197,0.001258828935472399,0.004815943582459397
LCLO,M3,3409,frozen_valMSE,26,20029444,0.047703391856267874,486991,0.8458932655716631,0.9561263235536249,0.24843224455523408,0.36681800501012907,0.9160434542027364,0.006332433701697902,0.0015062996233573779,0.004826134077994931
LCLO,M4,3409,frozen_valMSE,27,20029444,0.047195237629235165,486991,0.8546987716123168,0.9647962009693863,0.2570380402045746,0.3944182297625067,1.0274864558592245,0.006083673717013753,0.0012549643692600656,0.004828709347518097
LCLO,M0,3410,frozen_valMSE,12,19501057,0.09908487940737218,570863,0.8466118897636954,0.9513611734204628,0.3172815001686656,0.27749870310879593,1.1041110265304683,0.006273117824093127,0.001901828192005332,0.004371289631917721
LCLO,M3,3410,frozen_valMSE,20,20029444,0.0873667880309997,570863,0.844852109536853,0.9505554216040945,0.29741540475509803,0.3304174494590112,0.9311926305820819,0.005982423641893491,0.0015542771870677946,0.0044281464546844515
LCLO,M4,3410,frozen_valMSE,20,20029444,0.09291133509105598,570863,0.8501026563248439,0.9556100553821457,0.3086666285452806,0.3572850662665223,0.9674311984492818,0.005844636243431373,0.00144339223531019,0.004401244007913039
LCLO,M0,3411,frozen_valMSE,30,19501057,0.11112537560728322,530351,0.8666961671004043,0.9714281271743973,0.3371482098378875,0.387581728350966,0.927258201463295,0.0055884171380918245,0.001016287408308864,0.004572129729648466
LCLO,M3,3411,frozen_valMSE,18,20029444,0.0919806444252797,530351,0.8543790382716417,0.96105555123777,0.31083220702920333,0.37892050632773067,0.8550390937886574,0.006180209222450543,0.0015096041935432276,0.004670605028865345
LCLO,M4,3411,frozen_valMSE,19,20029444,0.07943744358560598,530351,0.8588037739376846,0.9667821792316585,0.28857841834185677,0.35054663557522353,0.9808440163902797,0.005881686040203723,0.0011465621916903607,0.004735123848381881
LSO,M0,3407,frozen_valMSE,22,19501057,0.07492033149005442,468871,0.6157057909202555,0.6924659758702975,0.28686361332195764,0.37271465384026015,0.8082834474627877,0.013255577850462922,0.008383034114956937,0.004872543736411682
LSO,M3,3407,frozen_valMSE,18,20029444,0.06844953908695753,468871,0.6055765733535695,0.6818971095784109,0.27746888238463674,0.3698779815298067,0.7889052151713154,0.013456683149983223,0.008550056705932254,0.004906626443087221
LSO,M4,3407,frozen_valMSE,22,20029444,0.09243565979370558,468871,0.5900270597662811,0.658413148545859,0.3086323299023043,0.36171957194047427,0.7286248015740044,0.013715641775072809,0.008935354096888493,0.00478028767877438
LSO,M0,3408,frozen_valMSE,25,19501057,0.09656464702854861,466230,0.6357512201417289,0.7083218950917772,0.3154098100675792,0.3694348159289184,0.7396720650805376,0.013812182756765741,0.008761209022190134,0.005050973735337556
LSO,M3,3408,frozen_valMSE,25,20029444,0.0938983165472781,466230,0.6366527614362896,0.7100377981381014,0.3099679206033818,0.35667761184520336,0.7444761104948666,0.01378869803329945,0.00872281723835088,0.005065880795578589
LSO,M4,3408,frozen_valMSE,21,20029444,0.10775254185980014,466230,0.6143635901653993,0.6806207378864761,0.3290090842501383,0.35124499348080507,0.7138881890750741,0.014446852731344948,0.009458428865345628,0.004988423866372933
LSO,M0,3409,frozen_valMSE,22,19501057,0.08599628470424941,459058,0.6243664958122569,0.6964594391844002,0.3012071063358466,0.36997800281804,0.7615400142519044,0.013911322988349881,0.008929018081165278,0.0049823049062850495
LSO,M3,3409,frozen_valMSE,13,20029444,0.06683830927095097,459058,0.6087202275056399,0.6826674760337902,0.26326998481094144,0.31299699589548546,0.8266522545168392,0.014649429485312601,0.009562692974787802,0.0050867365113195255
LSO,M4,3409,frozen_valMSE,16,20029444,0.09140835997391436,459058,0.6125880351378015,0.6817340788096613,0.30508225494458635,0.3459089901576698,0.7428752133289132,0.014223093746651075,0.009270290481500314,0.004952803265626498
LSO,M0,3410,frozen_valMSE,14,19501057,0.0662508025667555,475001,0.6201456561843832,0.6952794389704493,0.2750318132883664,0.3719425750949446,0.8387327570161466,0.014092699590431086,0.009068130019607823,0.005024569570095254
LSO,M3,3410,frozen_valMSE,27,20029444,0.06630000649613063,475001,0.6227096163263257,0.6994293652107388,0.27417463603122305,0.3683644685330542,0.7328250421497567,0.013781770145940331,0.008757465345008635,0.005024304800318806
LSO,M4,3410,frozen_valMSE,28,20029444,0.08748407832852972,475001,0.6232511460154582,0.6959536508353437,0.3044003493753399,0.3763412582610306,0.6918142459824191,0.013653958918384541,0.008743647085922625,0.004910311831979576
LSO,M0,3411,frozen_valMSE,26,19501057,0.06413046014441415,474086,0.6195374377917134,0.6940369497194897,0.2761627326260028,0.3863235003568378,0.7638117521971152,0.013325140054175271,0.008543310934734719,0.00478182911878511
LSO,M3,3411,frozen_valMSE,25,20029444,0.06606585890953537,474086,0.6139417379539126,0.6876203276008402,0.27175922011711573,0.3600044172052722,0.7451681825065606,0.013434788006663633,0.008662847814938559,0.0047719401911329225
LSO,M4,3411,frozen_valMSE,30,20029444,0.08248876773622285,474086,0.6033666946655629,0.672314823836877,0.2947327631609817,0.3609040102724308,0.6739519608230179,0.013688568046982456,0.009000540773916236,0.004688027273468428
