arm,seed,cohort,role,n,rawPCC,sharedPCC,intPCC,A_int,A_shared,interaction_R2,MSE_raw,E_shared,E_interaction
M3,3407,ALL,pooled_all,10010,0.08492421115326015,0.11295940929542345,-0.011060370928693514,0.13917690687944553,0.6115712461214864,-0.02244890783811966,0.19820577169201223,0.15496897364560663,0.04323679804337142
M3,3407,HKUPDO,single_resource,324,0.34825354228835304,0.3956861253725791,-0.03768921358266546,0.672082356352062,0.768675465002603,-0.502355204667128,0.05900816859389157,0.04950657470903232,0.009501593884859253
M3,3407,LICOB,single_resource,4800,0.2828452133829602,0.3991843346953179,0.08209529770096315,0.03755634195895777,1.119717072337646,0.004755919326021451,0.05818417516343478,0.03814628748814343,0.020037887675291344
M3,3407,UMPDO1,single_resource,2744,0.5704359707443483,0.6651958293540648,0.04263696470025291,0.10952905131799455,0.2800466794854483,-0.002656640493224836,0.4019379368726524,0.37578659898486483,0.026151337887787618
M3,3407,UMPDO2,single_resource,1470,0.3438736630717262,0.5519749541439208,0.027349361489126568,0.09949582455360852,0.3354869632226654,-0.004457124558851739,0.2835848440420295,0.17380041622154124,0.10978442782048824
M3,3407,UMPDO3,single_resource,672,0.4469852110239324,0.5648715114870608,-0.027069557912292916,0.07699288129990488,0.27569340490607064,-0.010096230289225381,0.2468001007556445,0.19217159051894456,0.054628510236699956
M3,3407,COMPARABLE(UMPDO1+2+3),primary,4886,0.4677906749169005,0.6222151163134554,0.043306736145027946,0.11663270199973705,0.27798346957024983,-0.003501223872990896,0.34499326386167306,0.2842781661724796,0.06071509768981147
M3,3408,ALL,pooled_all,10010,0.31012454978219467,0.40707994901961503,0.044031129971855064,0.23143310020252522,0.6125622362486968,-0.03318075803973859,0.16581466829313984,0.1221240472370928,0.043690621052268966
M3,3408,HKUPDO,single_resource,324,0.40223013179482947,0.44095850801693237,0.08143383661550165,0.5464230113471987,0.6405879270640056,-0.2095834628717445,0.053069932019871036,0.04541996295906193,0.007649969060809096
M3,3408,LICOB,single_resource,4800,0.30695181569893143,0.434335050567715,0.04440069589604703,0.1691042359104129,1.0780317079132324,-0.013579551096061302,0.06266578450118132,0.042258737034914354,0.02040704746626696
M3,3408,UMPDO1,single_resource,2744,0.502352487413573,0.6042986581835061,0.04101090413999603,0.3334667796089936,0.5239900764713988,-0.08384854483795788,0.3050230215169649,0.27675403254253256,0.028268988974432356
M3,3408,UMPDO2,single_resource,1470,0.3406710399733492,0.5211812569419215,0.06679067262639725,0.0863795190796087,0.5365967091286785,0.004077271044519076,0.2522144455986461,0.1433628039720148,0.10885164162663129
M3,3408,UMPDO3,single_resource,672,0.38810972857558995,0.46971054974747,0.13664594750389422,0.20053826608243458,0.4618372769278382,0.014589886595895322,0.19951785708580355,0.1462244332978245,0.053293423787979084
M3,3408,COMPARABLE(UMPDO1+2+3),primary,4886,0.44684830806111075,0.5965796205970959,0.060510930863731,0.2356490626502921,0.4885988385653614,-0.027011792451691607,0.2746243156025832,0.2124867518174024,0.06213756378555735
M3,3409,ALL,pooled_all,10010,0.32632086618658684,0.42368422151673407,0.06230123211877801,0.21677255192218098,0.5919015240634344,-0.019979945118287337,0.15346938857906858,0.11033699676751729,0.04313239180685861
M3,3409,HKUPDO,single_resource,324,0.3246961428268441,0.3679681023157289,-0.003024025949337775,0.9505455640181786,1.0060379906746517,-0.909285818177875,0.07174243882673122,0.059667226255103116,0.012075212571628087
M3,3409,LICOB,single_resource,4800,0.3190170949487641,0.4358096399889092,0.15042768575418972,0.1471550217416841,1.0187295254066742,0.0226177783116225,0.057699426676252656,0.03802116326899313,0.01967826340725954
M3,3409,UMPDO1,single_resource,2744,0.5625552757835274,0.6632994484978473,0.08943773671518748,0.29779443998437544,0.5090465520282252,-0.03541340704846924,0.27425930079668814,0.2472535993753621,0.02700570142132606
M3,3409,UMPDO2,single_resource,1470,0.3609296897220205,0.5525665734146442,0.06626568239107888,0.06271958464140003,0.4961891773015146,0.004378565853505065,0.24235088611024852,0.13353217518558658,0.10881871092466194
M3,3409,UMPDO3,single_resource,672,0.37131756107012265,0.43653603881380676,0.18835350852351826,0.19524827986554216,0.4669191843159121,0.03542950630126027,0.18929085934884765,0.13712449389874348,0.05216636545010419
M3,3409,COMPARABLE(UMPDO1+2+3),primary,4886,0.486456967226564,0.6414678762547108,0.08039645512580965,0.2164081847267891,0.47583697121505,-0.012035600592253629,0.2529731439726981,0.19174168865053876,0.061231455322373035
M3,3410,ALL,pooled_all,10010,0.3850366570242321,0.5054387906656419,0.053115935440944714,0.16743252878000023,0.4483382167921716,-0.010246980914880383,0.19012521446215927,0.14740440527996154,0.04272080917969745
M3,3410,HKUPDO,single_resource,324,0.4815255900812936,0.5506099889391538,-0.03313811094802893,0.5513613079971,0.5735780817258044,-0.3405414363499895,0.04315195896398786,0.03467375069842281,0.008478208265565038
M3,3410,LICOB,single_resource,4800,0.264891767296592,0.3749352012546872,0.032218893391247366,0.04849113622844019,0.7505979707060726,0.0007732712044039901,0.096373798434563,0.0762557255491701,0.020118072885392912
M3,3410,UMPDO1,single_resource,2744,0.5622910053037117,0.6595920224307987,0.047949420714531746,0.19073797338147233,0.4166013999796282,-0.018089423825860495,0.33276848794858754,0.3062146314764895,0.026553856472098035
M3,3410,UMPDO2,single_resource,1470,0.3439526379928109,0.5299947256416152,0.0402605890497056,0.048831212696210234,0.4625266208918006,0.0015474594409392501,0.2547782750846182,0.14565013194029938,0.10912814314431887
M3,3410,UMPDO3,single_resource,672,0.36560142633895837,0.44570418064482714,0.09257745278471735,0.11890768364513432,0.41178490256831796,0.007877303706943716,0.20675168790277784,0.15309523097788785,0.053656456924889996
M3,3410,COMPARABLE(UMPDO1+2+3),primary,4886,0.4543192871070297,0.5972756582503396,0.055942779759214196,0.15697505498115769,0.40260430841620065,-0.007077926029334589,0.2919725602898035,0.2310410604518256,0.06093149983827287
M3,3411,ALL,pooled_all,10010,0.2426607734562577,0.322555802429431,0.011901920333989804,0.17615943741791917,0.49897873931272846,-0.026838876210940707,0.19080264599351981,0.1473802072026051,0.04342243878737082
M3,3411,HKUPDO,single_resource,324,0.5149563864694733,0.5859737803146317,0.05823681758582162,0.7300221083154399,0.6585663108377452,-0.4479039499181535,0.0442285065650016,0.03507128777035972,0.009157218794641889
M3,3411,LICOB,single_resource,4800,0.2878424025845546,0.40565838465277076,0.05058649073397517,0.12727409160969205,1.038114476986554,-0.0033219950832946953,0.0739804914487378,0.053779965939444084,0.02020052550929372
M3,3411,UMPDO1,single_resource,2744,0.5725311918686616,0.6744569853100643,0.0179924366193089,0.13522660860551206,0.30826805813165575,-0.013420123305790815,0.36086293519422885,0.3344308636389892,0.026432071555239658
M3,3411,UMPDO2,single_resource,1470,0.3781154309845424,0.5858162360831521,0.06102383014888978,0.07070632714370023,0.3133315239453201,0.0036301570979860353,0.27096824458731505,0.16206773462415602,0.10890050996315909
M3,3411,UMPDO3,single_resource,672,0.41702944111843804,0.4963156524565053,0.18475028902388155,0.08772477889606478,0.2858975213079498,0.02471871967884469,0.2261411869015092,0.1733955555368315,0.05274563136467769
M3,3411,COMPARABLE(UMPDO1+2+3),primary,4886,0.49605238209132163,0.6469098104968793,0.06281036823176152,0.10153423871694639,0.2950830355198363,0.002445604212056106,0.31528818897137356,0.25493289378122375,0.06035529519078247
