scope,resource,n_rows,n_pairs,n_drugs,n_samples,components,rank_H,d_H_over_N,var_y,var_shared,var_interaction,share_shared_pct,share_interaction_pct,share_drug_alone_pct,share_sample_alone_pct,share_drug_unique_pct,share_sample_unique_pct,share_drug_sample_overlap_pct,additivity_gap_frac,corr_shared_interaction,n_interaction_dof,drugs_degree1,samples_degree1,median_pairs_per_drug,median_pairs_per_sample,projection_iterations,projection_final_update
benchmark,all,3175502,3141680,54180,986,1,55165,0.017559076672353645,0.022395761869404316,0.01698620955587264,0.005409552313009349,75.84564282708388,24.154357170583868,72.64851463933243,4.165668352241658,71.67997447484223,3.1971281877514413,0.968540164490217,2.3322503680046026e-11,2.7244984561469255e-11,3086515,2,0,42.0,748.0,144,9.562453606726251e-11
benchmark_without_NCI60,all,1007265,993482,1926,984,1,2909,0.002928085259722874,0.027741801890131642,0.01846072250641869,0.009281079383894634,66.5447853010066,33.45521469964831,62.415219364648,5.956704098846155,60.58808120216044,4.129565936358592,1.8271381624875627,-6.549062477232506e-12,-6.939641755849378e-12,990573,0,0,462.0,702.5,18,5.410574765996046e-11
resource_screen,CCLE,10730,10730,24,472,1,495,0.04613233923578751,0.04328273098073073,0.03431050587167347,0.0089722251090572,79.270658514936,20.729341485063852,74.2518021725873,5.284171442441632,73.98648707249437,5.018856342348688,0.26531510009294434,1.482918641148513e-15,2.04515371469043e-15,10235,0,0,462.5,23.0,7,3.4747413280022954e-12
resource_benchmark_rows,CCLE,10730,10730,24,472,1,495,0.04613233923578751,0.04328273098073073,0.03431050587167347,0.0089722251090572,79.270658514936,20.729341485063852,74.2518021725873,5.284171442441632,73.98648707249437,5.018856342348688,0.26531510009294434,1.482918641148513e-15,2.04515371469043e-15,10235,0,0,462.5,23.0,7,3.4747413280022954e-12
resource_screen,CTRP1,40085,40085,307,234,1,540,0.0134713733316702,0.054253766885725696,0.03969499501693855,0.014558771869548291,73.16541743644791,26.834582564955024,59.126627798071716,15.346706957740574,57.81871047870734,14.038789638376192,1.3079173193643823,-1.402937340518708e-11,-1.583081801808326e-11,39545,0,0,112.0,134.0,26,6.855607401212716e-11
resource_benchmark_rows,CTRP1,39784,39784,307,234,1,540,0.01357329579730545,0.05428586115153439,0.03980144711309617,0.01448441403907356,73.3182568514365,26.681743149733855,59.26577387889004,15.335267908806106,57.9829889426304,14.052482972546464,1.28278493625964,-1.1703613516962175e-11,-1.32307118669107e-11,39244,0,0,112.0,134.0,26,5.968891006458144e-11
resource_screen,CTRP2,292817,292817,462,822,1,1283,0.004381576206299497,0.026618585421680458,0.01856399103270807,0.008054594389038447,69.7407121326138,30.259287867634377,61.189010209606934,9.684408656838816,60.05630347577499,8.55170192300687,1.1327067338319452,-2.4817248415788414e-12,-2.701046259120898e-12,291534,0,0,726.5,374.0,10,8.414223484631833e-11
resource_benchmark_rows,CTRP2,269725,269725,462,822,1,1283,0.0047566966354620445,0.026458705686343332,0.018506106154846175,0.007952599531509924,69.94335389730763,30.056646102740622,61.48168344541538,9.694752712603428,60.248601184704206,8.461670451892257,1.2330822607111713,-4.825468386301029e-13,-5.261189595234427e-13,268442,0,0,655.5,355.0,11,1.463065779638839e-11
resource_screen,FIMM,2345,2345,52,46,1,97,0.04136460554371002,0.02713147539498399,0.015353786899858977,0.011777688495124975,56.5903131928371,43.409686807162764,46.79158920417377,9.856749226096673,46.733563966740434,9.798723988663339,0.05802523743333454,1.3426911904041866e-15,1.4060814286208186e-15,2248,0,0,46.0,51.0,7,6.623753628920426e-12
resource_benchmark_rows,FIMM,890,890,52,46,1,97,0.10898876404494381,0.02558110901077951,0.014870607696793757,0.010710501313717917,58.13120803530253,41.868791963650466,47.53185758478463,10.449676296385347,47.68153173891718,10.599350450517896,-0.1496741541325508,1.047007385049369e-11,1.0611321536933758e-11,793,0,0,8.5,16.5,19,5.760742924354467e-11
resource_screen,GDSC1,167886,167886,293,701,1,993,0.0059147278510417785,0.03611467963488229,0.02132076515953528,0.014793914475338192,59.03628489879244,40.96371510118315,53.1075786186494,5.865233560155159,53.17105133863728,5.928706280143037,-0.06347271998787818,2.44155548866434e-13,2.4825486488230254e-13,166893,0,0,645.0,242.0,10,4.670691611252664e-11
resource_benchmark_rows,GDSC1,125914,125914,293,701,1,993,0.007886335117619964,0.03335805034105858,0.019402834130595115,0.013955216210472347,58.165372173184956,41.83462782684168,52.288455472123815,5.976500220268999,52.18887195291596,5.876916701061141,0.09958351920785757,-2.663601005786852e-13,-2.698169228639522e-13,124921,0,0,570.0,173.0,12,1.7073890912211453e-11
resource_screen,GDSC2,88507,88507,174,605,1,778,0.008790265176765679,0.019789993496551635,0.011682703722897035,0.008107289773655064,59.03338838859508,40.96661161140726,52.372740510312234,6.665238326460932,52.36815006213414,6.660647878282844,0.004590448178087847,-2.3404311283200478e-14,-2.3729343040800396e-14,87729,0,0,561.5,155.0,10,5.943164710364712e-11
resource_benchmark_rows,GDSC2,44797,44797,173,604,1,776,0.01732258856619863,0.01600017469735477,0.008961005395395792,0.007039169301960436,56.0056722185494,43.99432778145971,48.94662127879845,7.261827834508717,48.74384438404069,7.059050939750955,0.20277689475776128,-9.112619762830191e-14,-9.166208890622344e-14,44021,5,0,108.0,74.0,13,3.6607213094175247e-11
resource_screen,GRAY,3087,3087,95,50,1,144,0.04664723032069971,0.024769452768056515,0.018018611461142232,0.006750841306922978,72.74529489960963,27.254705100425475,64.91012422673231,7.704906691707625,65.040388207902,7.835170672877323,-0.13026398116969817,-3.5104939559050277e-13,-3.941573045454224e-13,2943,0,0,35.0,78.5,13,2.092466477865429e-11
resource_benchmark_rows,GRAY,1888,1888,95,50,1,144,0.07627118644067797,0.02321225574756573,0.017354574187449425,0.00585768156068917,74.76470350913397,25.23529649333398,66.75108439743722,11.337690887765161,63.4270126213688,8.013619111696746,3.3240717760684158,-2.467944287523798e-11,-2.8408918673483447e-11,1744,0,6,12.0,41.0,20,9.916624466033142e-11
resource_screen,NCI60,2188993,2170974,52908,68,1,52975,0.024401489838201656,0.020062743915352375,0.016560002223384426,0.0035027416919677064,82.54106364141155,17.458936358587245,79.85574911743734,3.059907275911533,79.48115636550001,2.6853145239742138,0.37459275193731933,1.2061855841841577e-14,1.546064627155152e-14,2117999,2,0,42.0,48104.5,15,2.576455672073652e-11
resource_benchmark_rows,NCI60,2175581,2157687,52878,67,1,52944,0.02453738656255518,0.0199707945927668,0.01649448200644257,0.003476312586324175,82.59301816872468,17.40698183127504,79.92497978032796,3.047011772992436,79.54600639573225,2.6680383883967207,0.3789733845957155,2.8013323075544835e-15,3.847396323263582e-15,2104743,31,0,41.0,47972.0,20,6.80165507249697e-11
resource_screen,Prism,613618,612596,1375,473,1,1847,0.003015037643079615,0.02437942051797991,0.019812147885081403,0.004567272632899302,81.26586877021902,18.734131229784243,79.36398559959576,1.8935781221517178,79.37229064806729,1.901883170623242,-0.008305048471524135,-3.2553521511066265e-14,-4.2405885180726375e-14,610749,0,0,460.0,1333.0,6,6.824408399497273e-11
resource_benchmark_rows,Prism,504493,503644,1375,473,1,1847,0.0036672729149955126,0.021763601688825327,0.01776043773826667,0.004003163950557805,81.60615137238929,18.393848627606786,79.81045386552137,1.855610820419673,79.75054055196964,1.7956975068679326,0.059913313551740455,3.9136409445590475e-14,5.145659341482211e-14,501797,0,0,440.0,1096.0,9,1.1957615453361825e-11
resource_screen,UHNBreast,166,166,6,39,1,44,0.26506024096385544,0.031737575091521975,0.015246695835950423,0.016490879255698428,48.03988897067079,51.960111029728985,26.493587443524824,23.59093623147913,24.448952739191654,21.54630152714596,2.0446347043331703,-3.997711692436023e-12,-4.000649469415405e-12,122,0,0,36.0,4.0,17,3.17838533270276e-11
resource_benchmark_rows,UHNBreast,54,54,4,37,1,40,0.7407407407407407,0.03208271959700901,0.028225545619040532,0.0038571739739484026,87.97740956372019,12.02259042374948,41.3802640608144,56.36919477999574,31.608214783724453,46.59714550290579,9.772049277089945,1.2530337058498517e-10,1.926405401625522e-10,14,1,22,8.5,1.0,31,8.33545732437102e-11
resource_screen,gCSI,11495,11495,41,523,1,563,0.04897781644193128,0.030048868154231606,0.021487412217551197,0.00856145593640362,71.50822489307389,28.491775106004983,64.20036787919625,6.375327259620411,65.13289763345348,7.307857013877639,-0.9325297542572275,9.211295645454413e-12,1.0203725876220162e-11,10932,0,2,284.0,22.0,17,3.42516570661644e-11
resource_benchmark_rows,gCSI,1646,1646,39,432,1,470,0.28554070473876064,0.026802770648439108,0.022379707586008574,0.0044230630609517416,83.49773939252017,16.502260601962522,74.82267523463449,24.965256686691472,58.53248270582869,8.67506415788567,16.290192528805804,5.517313124336137e-11,7.431677157180177e-11,1176,5,123,19.0,3.0,32,6.721001533094295e-11
