release_path	source	source_sha256	release_sha256	edited	reason
drugdis/splits/make_manifests.py	server:rise/substrate/make_manifests.py	e834c7da943d6bd8ab751a3e520c248a86c8ceb0ebd88d67e54f3ad3e9cda796	e834c7da943d6bd8ab751a3e520c248a86c8ceb0ebd88d67e54f3ad3e9cda796	no	
drugdis/decomposition/decompositions.py	server:rise/decomposition/decompositions.py	88f0deba3462d5d83bc7aefb8c54da7833273fa257a9fb648d531a85bc3847a9	88f0deba3462d5d83bc7aefb8c54da7833273fa257a9fb648d531a85bc3847a9	no	
drugdis/models/utils.py	server:legacy/src_copy/utils.py	29155030a6319aa6b49407b12a9e765904bfb2c984db7e9ba4742ce06ed1d6ca	29155030a6319aa6b49407b12a9e765904bfb2c984db7e9ba4742ce06ed1d6ca	no	
drugdis/models/model.py	server:legacy/src_copy/model.py	4ccda2eaf1f7a3b70af26f6f7122d07c6d7f86c2707d0dc9b6b3889dcb774c69	4ccda2eaf1f7a3b70af26f6f7122d07c6d7f86c2707d0dc9b6b3889dcb774c69	no	
drugdis/tables/freeze_nm_validation_protocol.py	server:rise/rerun/freeze_nm_validation_protocol.py	393b4a59b27125249363db11de4d20a12d1ef0e68fcfeb631fab3cd540e89a95	393b4a59b27125249363db11de4d20a12d1ef0e68fcfeb631fab3cd540e89a95	no	
drugdis/tables/promote_audited_table_v1.py	server:rise/rerun/promote_audited_table_v1.py	57aaad233d85d1ee3df8e1da4ee4559c12ff4006cec6467d858cc7fc015f4a4e	57aaad233d85d1ee3df8e1da4ee4559c12ff4006cec6467d858cc7fc015f4a4e	no	
drugdis/tables/promote_valmse_tables_v1.py	server:rise/rerun/promote_valmse_tables_v1.py	a77630034d4f8655da30bc39a3064604199645a84a9438e98c13136ae74d0e14	a77630034d4f8655da30bc39a3064604199645a84a9438e98c13136ae74d0e14	no	
drugdis/tables/register_audited_table_v1.py	server:rise/rerun/register_audited_table_v1.py	82093fd8c1e33a16a0b86a24ddfa19f11c6b320a2e97e8c8eb27a860146c5529	82093fd8c1e33a16a0b86a24ddfa19f11c6b320a2e97e8c8eb27a860146c5529	no	
drugdis/tables/audit_current_substrate_m3.py	server:rise/rerun/audit_current_substrate_m3.py	3245564c093b332be572e30d1a93d9ed7b7a9a5c09777dcecd395f817887229c	3245564c093b332be572e30d1a93d9ed7b7a9a5c09777dcecd395f817887229c	no	
drugdis/tables/build_interaction_r2_table.py	latex_v2:figures_src/tools/build_interaction_r2_table.py	35a1ad53dfff01563c6f4f72c6e2ba0387e0899212831514e3f695aac4e1a96b	35a1ad53dfff01563c6f4f72c6e2ba0387e0899212831514e3f695aac4e1a96b	no	
drugdis/data/build_ccle_substrate.py	server:rise/substrate/build_ccle_substrate.py	83a07a7fc4cd2830fa5751e87d905b2a1eb945bbf792b52374fef99ad7a0ac72	54f552ac34dbcc9fc2e1aab27f72cbac42199ce42ee92bda4d28474de07c9e6f	yes	hard-coded server paths replaced by drugdis/paths.py roots; output directory can be redirected; the provenance record stores paths relative to DRUGDIS_DATA
drugdis/data/align_all_gene_reps.py	server:rise/rerun/align_all_gene_reps.py	a4b8fb3ebb57562a15a9640dc8001813a68c415c123c0c7b19bd0148ba406a24	9eac45e3a0422c2e05655ac8a8722ae13f7db65b530b244b91102021bacf4dfa	yes	hard-coded server paths replaced by drugdis/paths.py roots
drugdis/data/check_drug_reps.py	server:rise/rerun/check_drug_reps.py	d1b3b7de7f9efbbe738aea0d949cc15525169abdd2ec9f7f90186ce7372a88f6	bbe2c32268c4a90ba3fc93eb31bbbe9de2dacdd0704b39fa21960be8dcb8578c	yes	hard-coded server paths replaced by drugdis/paths.py roots
drugdis/splits/verify_frozen.py	server:rise/rerun/verify_frozen.py	632398b01b0dcd17f8a984b194e4f6530d2b5d60b8d2017ca5527fdf6d152d85	5bc18255bb647db7b3a19345cddf1ea8a89d0fe7fef48e5d41305e8807cb54f4	yes	hard-coded server paths replaced by drugdis/paths.py roots; the frozen transcriptome is looked up under DRUGDIS_DATA, not at the absolute path recorded when it was built
drugdis/decomposition/audit_0c_measurement_ceiling.py	server:rise/decomposition/audit_0c_measurement_ceiling.py	efc6cbc29e9bb72de294f3b755647031a5f91d0418e22f7e9d51234ad729817d	4e8da3724ede81ec13ecd7a7ce94b45a9c1969b7bb848bd40586acb659952240	yes	hard-coded server paths replaced by drugdis/paths.py roots
drugdis/decomposition/audit_0e_component_recovery.py	server:rise/decomposition/audit_0e_component_recovery.py	8ca89bed952d087a8af7602477fbf02e2d3d90d38aa0bc666634184837c3f586	28878fb877b972dbe63f76ec370caf208b1cd7ba413ea9b1353d1886b3bae6af	yes	hard-coded server paths replaced by drugdis/paths.py roots
drugdis/decomposition/audit_0e_full_panel_profile.py	server:rise/decomposition/audit_0e_full_panel_profile.py	48a795435936d5e9763e858a8f4a2b9b96ef0b091884b4fe710a6cd60b9bff2e	ae73c6771020de4223eb5f4daf5efe7fb75942d0676388ed2d761fd7bc1c2fce	yes	hard-coded server paths replaced by drugdis/paths.py roots
drugdis/models/data_fast.py	server:rise/phase2a2/data_fast.py	2b19a4a962af5bbda46e23cab859094461be8ad50aaeea3a4b31f4d50ec05d99	c495b15912abd949486b8a466fa19ba8a072e3caf5d5d2b824b86aaafe9f98bf	yes	hard-coded server paths replaced by drugdis/paths.py roots; the substrate config is read through paths.load_config
drugdis/models/models.py	server:rise/phase2a2/models.py	0c8015dcb34fa05dc0a6d70b742b7bdbc1d2d7a8a78d889a19956148f510cb40	61d6a45a0403b711c1e68f4c9c7bf562ef44f8f03823d35f09eb6d08b5bac69f	yes	sys.path points at the repository layout instead of the server
drugdis/models/train_2a2.py	server:rise/phase2a2/train_2a2.py	cd258f647488da398420bcad6174903bfaf144560ed0b66eae3e06e1420097c7	145cc8708ed707e4a20461860d25b9d41e29fc65384da40f00595a607ee13ada	yes	hard-coded server paths replaced by drugdis/paths.py roots; docstring states the checkpoint rule the manuscript uses
drugdis/decoder/decoder_bench.py	server:rise/decoder/decoder_bench.py	29f1857d1c8af482a770c131b32a84b425e00537635da39fb28b44c79638dd94	fc38414e3fd755bf73a108882c5fe738e939bf3fb2ea6000fe8e8a4eac1f2d6f	yes	hard-coded server paths replaced by drugdis/paths.py roots
drugdis/decoder/coverage_preflight.py	server:rise/decoder/coverage_preflight.py	045eb1b75237e3fdd8d0f5209282c74fd8f390a6cbf0ef2cf9d81c2a3496c803	dd8cdbcc16326fca138bf953e985a704b926cc80d54ad23641a9ba10c431d7de	yes	hard-coded server paths replaced by drugdis/paths.py roots
drugdis/decoder/align_gene_reps.py	server:rise/decoder/align_gene_reps.py	54c15a0c83c235d88534656fab89d2f8f1829e9e234c35f1b0ff9dc24398d03c	1f824e3481adf70b78c4a7f4c0fc681cb362682caee5fd913eeef3fcbb103865	yes	hard-coded server paths replaced by drugdis/paths.py roots
drugdis/decoder/analyse_matrix.py	server:rise/decoder/analyse_matrix.py	c10cdd40126a56bc0bbb69a4f563e7a60975b353feaa6f1ce71e56e4b2286b33	5adcb291291ed4624c2e87cc1538f80669632b1c8d0376f8525ff983d28950c0	yes	hard-coded server paths replaced by drugdis/paths.py roots
drugdis/decoder/analyse_confirm.py	server:rise/decoder/analyse_confirm.py	db6a90e5fcf8ff78b7a69ce7019d3ec8384ac2f3f0d3ef59a4054872a069f8b2	fa67cdf25475071ef9103d5c8a1596405dad9c4d675f0151c0faa0d4a82856a9	yes	hard-coded server paths replaced by drugdis/paths.py roots
drugdis/organoid/pdo_preflight.py	server:rise/substrate/pdo_preflight.py	7a00ba17e1659151c3dbb43f36e6bd3e259c0a16368c68f8ea7108778b2308cd	40baec5a432bd5b056f78be1a2eef595f36fa0e1687ace7785a9858b984f6563	yes	hard-coded server paths replaced by drugdis/paths.py roots
drugdis/organoid/pdo_stress_test.py	server:rise/substrate/pdo_stress_test.py	617ed454c9bb6caf395f9b9ee27363937205ea11cde3613920cb981399b8c240	f0f26f6e2745b800b9a385d46282249b515cf64693a95924e73ed473894a1dde	yes	hard-coded server paths replaced by drugdis/paths.py roots
drugdis/organoid/evaluate_current_m3_pdo.py	server:rise/rerun/evaluate_current_m3_pdo.py	0d9389f5cf73b5e06a54455f2e07d8ff2c382856a7502b2a9639240e71683e7e	1ce708f543504ebf4b7e2d5aa3cc3e4fd99ad68587011d686e0278707bd8dbe1	yes	sys.path points at the repository layout instead of the server; --project-root removed, it only located the modules
drugdis/tables/build_tables.py	server:rise/rerun/build_tables.py	44b60337bbd106d31b6ca188d37289caf078c41cc85b140fa1085720625f1d66	97c32a62de8192e601d4111e1e855602dda7358fd18945bc60e63a45316182ae	yes	hard-coded server paths replaced by drugdis/paths.py roots; T03 and T10 blocks removed because they wrote superseded versions (the registered tables come from the audited builders)
drugdis/tables/build_tables_bench.py	server:rise/rerun/build_tables_bench.py	6074ee1e600b2b1ad82f48e36c9b7cbd84345db5259a2a0e2ced4d96a85a59d8	08a24972d125a4203e8e142ebced491d6d03db9fc9464d37cfa8af12f81a41c8	yes	hard-coded server paths replaced by drugdis/paths.py roots
drugdis/tables/separability.py	server:rise/rerun/separability.py	eb258ef22bae6c3d399c692e3eca3056ccdedfb4b6e74b6b85a28a3e72d8165e	926293b877d483b545a8dc3667f586bfff114418daf78a4aa00929b8050959c3	yes	hard-coded server paths replaced by drugdis/paths.py roots
drugdis/tables/build_T15.py	server:rise/rerun/build_T15.py	de7ee4ffcda24c5b889610c513ccd6d3d4a3e15e69129d4107c041efd2f78b3f	3b02748fc21ac6a6a89048fb9bd468f75203f74561c9ef1d9bdeb6b43eee3094	yes	hard-coded server paths replaced by drugdis/paths.py roots
drugdis/tables/build_T16.py	server:rise/rerun/build_T16.py	83d5e51dc70be658b8bcf79c3369ded1fddb0f922a963e5bfb5641b5ec8aced1	2ffdc985fdc53cac5d931732863c2cb1a97877f8ab00111ad07ae569c3270bdf	yes	hard-coded server paths replaced by drugdis/paths.py roots
drugdis/tables/build_T17.py	server:rise/rerun/build_T17.py	02ee177f8c51f5e21a36696278ce387559ce474be0859c57890501f88f6f7e3b	37380d73047622b896b469140c87c63d858f1813f2d1d521a0e69fc33e168b6f	yes	hard-coded server paths replaced by drugdis/paths.py roots
drugdis/tables/consistency_pass.py	server:rise/rerun/consistency_pass.py	8b3095781ae1b186dddb7c34024d3e2a27bdbe36b2f62a57d5715541c285ec68	d9057345ab1ca78d951684a99bed957e447f1e08a6a6ce9728ab6c0351883ef7	yes	hard-coded server paths replaced by drugdis/paths.py roots
drugdis/tables/export_frozen_valmse_predictions_v1.py	server:rise/rerun/export_frozen_valmse_predictions_v1.py	dc6105bfafae80915fb98168e805d87365bd43179e63f18377c451c8138980dd	8514367f6e1aa8e44bad3e74493c79fe6b9f2cd95256e8e8a7aece3dc3c4ecc1	yes	sys.path points at the repository layout instead of the server; --project-root removed, it only located the modules
drugdis/tables/rebuild_valmse_identity_tables_v1.py	server:rise/rerun/rebuild_valmse_identity_tables_v1.py	a6df5f5a3546113743a1d33bf384f3bc09e46af925c63a1b21d611bec53ea783	a936bd4c631292dff071569394d7cc2a842fba2d36fed48df3625b662ec1621b	yes	sys.path points at the repository layout instead of the server; --project-root removed; the substrate config is read through paths.load_config
drugdis/tables/rebuild_measurement_bootstrap_v2.py	server:rise/rerun/rebuild_measurement_bootstrap_v2.py	587196ccaf9f0719991f5d1d01df14559aee6ef69ba3d08ee7a4a02f12ee32f7	11459b5a6c011fa2daa8e51399a718ad45830c5f08ef80783714f360ce16966e	yes	sys.path points at the repository layout instead of the server; --project-root removed; --old-t03 made optional (audit comparison against a previous T03, not needed to build T03)
drugdis/tables/run_nm_validation_packages_ab.py	server:rise/rerun/run_nm_validation_packages_ab.py	1aaba3c85cce52284cce851fef8e713d9bda5f0c10843af75b1afcb08a7b1325	1e05560fe596402b709747aa3330e8bf338dd22ff6bef8f3d22ce8b05327033c	yes	sys.path points at the repository layout instead of the server; --project-root removed, it only located the modules
drugdis/tables/build_T25_pdo_panel_counts.py	server:rise/rerun/build_T25_pdo_panel_counts.py	a98020759ec9981a3fa4805e2c1b1acb19e9518e5e532eb550e2688f692de059	7bec8f76a16f7e6bcb64428c9e3a03d774023de3409dadd869ce39690accab0a	yes	docstring usage example only
drugdis/tables/build_T26_resource_decomposition.py	server:rise/rerun/build_T26_resource_decomposition.py	375f6b716950245366c55ed0bc6001ad9b32430740e7639b8d48cec38e3d0f3c	59e75058c0235ef0de58ad0dee4de9fe98e62e7d7c46ba3a208a7ce5a2f987a0	yes	docstring usage example; the substrate config is read through paths.load_config
scripts/gen_joblist.py	server:rise/rerun/gen_joblist.py	62e5068164bb851bbe13a2aac379fbf9805cb056af8ea8cfebf2e40c53c196f9	2a92eee7ab0e9e8034626bd50a4b737433a900bbf1e6f4e2f05d4e6ae5fc29c1	yes	hard-coded server paths replaced by drugdis/paths.py roots
configs/substrate_config.frozen.json	server:rise/substrate/substrate_config.frozen.json	9031c6812bc0374e64fc89e1338c57a7e75f5cd9a329f451d6276050c67379b1	4989402ee28468244951bd39cb1c6ee58b5fdaed8fe241b243625b3e10bc1376	yes	data paths made relative to DRUGDIS_DATA; every decision field unchanged
configs/substrate_config.dryrun.json	server:rise/substrate/substrate_config.dryrun.json	0e78d568b8d9ae7f7ab653fa0df119bc7548355a56cc8d7277894ed72b4de0b8	387df3c4a1ee42742b7c4c9afc94fab28d590d8604e2c64dcd968a27e761c653	yes	data paths made relative to DRUGDIS_DATA; used only for the pre-restriction pair count
drugdis/paths.py	new		45b81e6d50d2cf0075caf919bb6aac25e89f3b3770319c3eeae3d39830efe36d	new	resolves DRUGDIS_DATA, DRUGDIS_RUNS, DRUGDIS_WORK and the substrate config
README.md	new		34036eea4ac34285a887c03c8b84800df27e35ee7593a784e5d8509b4c9f745c	new	documentation and packaging
requirements.txt	new		f90fe9e87206f44d7ed98aff638bda2206393cd2523947dbc9244ddccbacff6e	new	documentation and packaging
pyproject.toml	new		c060b25c63bb83fc95e64ddcd20ffaf8697ca04654c442c3996f597c9312afb8	new	documentation and packaging
LICENSE	new		90ba27dfdbe2a75cfcbf0aeb148b48e521216910c92cba66a5e0c39133f56a86	new	documentation and packaging
.gitignore	new		061abde87313a7b44cb646baee1f4b66f0f987b6f0e45c02f15f192d53e4cbc0	new	documentation and packaging
tests/conftest.py	new		3b38e467c25e4e6b0f55645da3b057893b97da8618bd9cd2999ed441a3bf405a	new	unit test
tests/test_decomposition.py	new		05860bab97b477a754f867019d3a6e30bc4392a1f8bf89375067f747eab5f6ab	new	unit test
tests/test_paths.py	new		a5cbb80331549990be87fd82cc0d14ca4a05698a8d1394a78b0978064bbdff20	new	unit test
tests/test_splits.py	new		6f4794fe9368e100abc37b270090ebc196363b2c073142e9b96586e1a16c23b2	new	unit test
paper/DrugDis_manuscript.pdf	latex_v2:manuscript/latex/RISE_manuscript.pdf	cf35d8d9da92c1e05cd6243bd59dd1899117c4a8114865e0afe6147c491b04c4	cf35d8d9da92c1e05cd6243bd59dd1899117c4a8114865e0afe6147c491b04c4	no	
paper/DrugDis_Supplementary_Information.pdf	latex_v2:manuscript/latex/RISE_SI.pdf	a748e97f36d008216688f1ef6638e9a8f10f9ead80bd3c1b9daf13bf878d326a	a748e97f36d008216688f1ef6638e9a8f10f9ead80bd3c1b9daf13bf878d326a	no	
drugdis/data/build_processed_tables.py	new		7d82417c6fb7d2325ccc7cd52a0c1c679feb6a367273fc829c5437145d508d73	new	notebook data_all_to_df.ipynb cells 12, 14, 17, 19 as a script, plus the recorded Tavor relabelling
drugdis/data/encode_ecfp4.py	new		10febed50be3fa8e2dca60bce1ba3d787682c1791dc9bb0480d2db872689265b	new	notebook SMILES_Encoder.ipynb cells 4, 7-9 as a script
drugdis/data/build_gdsc_sensitivity.py	new		816d26c4beebe1b873c45de40ee1eac7ba911107aab2bb1abdba833f002d5150	new	notebook data_GDSC.ipynb logic as a script (GDSC1/GDSC2 kept apart)
drugdis/tables/compare_with_canonical.py	new		d997a022fbdbdc05f0c376f88a6cc3aa3beecf68f24eae435645d23c8082f6fc	new	compares rebuilt tables with results/tables
scripts/_common.sh	new		f68dda4fbfeed08a880f2b5cd1742238d4d65c89f04976fa3b3aee4cbba12658	new	launcher; server launchers with repository-relative paths
scripts/decoder_confirm.sh	new		ed7619a748fb80d9141049a010564d47ebdfbe28924d90075118e7aea9bbf5ca	new	launcher; server launchers with repository-relative paths
scripts/decoder_matrix.sh	new		244720690a095b49ff47851b678cd45e2175103999f591cb4d719bf4001af713	new	launcher; server launchers with repository-relative paths
scripts/decoder_penalty_sweep.sh	new		5916b4523dd6d4fd5efc61b934031b03c7f7b9f37a806455a3d3eeb4c8da9378	new	launcher; server launchers with repository-relative paths
scripts/make_manifests.sh	new		514ac787cbcfe705751058bde8ef9cb2d5aab587858499ec85791d8e44372b29	new	launcher; server launchers with repository-relative paths
scripts/reproduce_tables.sh	new		00eb993a9efe9281f409f491304b96fb91601b08d2addcacf3784f19588f5be1	new	launcher; server launchers with repository-relative paths
scripts/run_benchmark.sh	new		695c46d31e8883553d55e7e4351406e6cfb3cfe70fdf6fa1475fea76ba9b8dbd	new	launcher; server launchers with repository-relative paths
scripts/run_worker.sh	new		47e396d5c5270205a5cd3be2561808cf5b2cd434091ce24e6d666038682bd01c	new	launcher; server launchers with repository-relative paths
scripts/train_m0_m4_lclo.sh	new		1992e23d0099536a717a1ee71d58f5dc7c7a45f009304270533059a1180f3c37	new	launcher; server launchers with repository-relative paths
scripts/train_m0_m4_lso.sh	new		5499351ba135d1841379eb6f2b6c4c5fb029a3de990faa4e17eeb4320c4e2c92	new	launcher; server launchers with repository-relative paths
scripts/train_m3.sh	new		3928fbca3d170ab454cde4a2d60ff79623d3fa4fb5b6b491c349213f6da5c9c8	new	launcher; server launchers with repository-relative paths
manifests/LCLO_seed3407.json	server:rise/substrate/manifests_frozen/LCLO_seed3407.json	6990f5e0c18f6db9199c39de4d920a8a2d997a936c424f6d462df84ea8c6f1fd	6990f5e0c18f6db9199c39de4d920a8a2d997a936c424f6d462df84ea8c6f1fd	no	
manifests/LCLO_seed3408.json	server:rise/substrate/manifests_frozen/LCLO_seed3408.json	01496a91fa7925e2b770004db1b24ff56f3e2f696dbf9e68fccbdf2d00f10615	01496a91fa7925e2b770004db1b24ff56f3e2f696dbf9e68fccbdf2d00f10615	no	
manifests/LCLO_seed3409.json	server:rise/substrate/manifests_frozen/LCLO_seed3409.json	3e15bea790961bdc4c03d8a216cb3896abeeb4bdad6ee651401b620449ed36d3	3e15bea790961bdc4c03d8a216cb3896abeeb4bdad6ee651401b620449ed36d3	no	
manifests/LCLO_seed3410.json	server:rise/substrate/manifests_frozen/LCLO_seed3410.json	536bdaaf4e59ef10ae3ea840185f0e7ac159dc24e647f583983787c89725fa07	536bdaaf4e59ef10ae3ea840185f0e7ac159dc24e647f583983787c89725fa07	no	
manifests/LCLO_seed3411.json	server:rise/substrate/manifests_frozen/LCLO_seed3411.json	8f11fddb933250ee3be74757e14e2ea3ddea89365ce811a8e7f5f09073a2200b	8f11fddb933250ee3be74757e14e2ea3ddea89365ce811a8e7f5f09073a2200b	no	
manifests/LSO_seed3407.json	server:rise/substrate/manifests_frozen/LSO_seed3407.json	11a1aa8bacf9669da1ca3eebed9a68084bfc9ded47822d78cd71e3f453eb346c	11a1aa8bacf9669da1ca3eebed9a68084bfc9ded47822d78cd71e3f453eb346c	no	
manifests/LSO_seed3408.json	server:rise/substrate/manifests_frozen/LSO_seed3408.json	b863f55f4529684d9ad91b870405349dcff406ef80017655c32b22de2365fec0	b863f55f4529684d9ad91b870405349dcff406ef80017655c32b22de2365fec0	no	
manifests/LSO_seed3409.json	server:rise/substrate/manifests_frozen/LSO_seed3409.json	03949a7f2e45340360752316a52074752504ca6ab8556c6c67871f84790ecd80	03949a7f2e45340360752316a52074752504ca6ab8556c6c67871f84790ecd80	no	
manifests/LSO_seed3410.json	server:rise/substrate/manifests_frozen/LSO_seed3410.json	09d43ab42d4c717f380cac793b3e9144d4962f840f6a6abacd4f402f4e0ec931	09d43ab42d4c717f380cac793b3e9144d4962f840f6a6abacd4f402f4e0ec931	no	
manifests/LSO_seed3411.json	server:rise/substrate/manifests_frozen/LSO_seed3411.json	401e49b9162e8557eab005d1a17d6b428bbab3037cc6747bd4124080319ed22c	401e49b9162e8557eab005d1a17d6b428bbab3037cc6747bd4124080319ed22c	no	
manifests/MANIFEST.json	server:rise/substrate/manifests_frozen/MANIFEST.json	96281e0e66ac85b41b4fdf539cfb0d56d8cf76925814f0f3629a4b9b4240f112	06e02aabf764397c2d4c5298f6420bae72f8a0df88b3892f5d60a3890f9737d8	regenerated	rebuilt by scripts/make_manifests.sh; identical except relative config paths
results/tables/T01_substrate.csv	latex_v2:figures_src/tables/T01_substrate.csv	bdfd5ca90b2d4df70cf594c616ff1cc6de5bc705d5d5c17f1081c3a95877d84d	bdfd5ca90b2d4df70cf594c616ff1cc6de5bc705d5d5c17f1081c3a95877d84d	no	
results/tables/T02_decomposition.csv	latex_v2:figures_src/tables/T02_decomposition.csv	32290b210aab4475eacd7ab273fd4cfa11f112fadb64226e786c1d222f921427	32290b210aab4475eacd7ab273fd4cfa11f112fadb64226e786c1d222f921427	no	
results/tables/T03_measurement_reference.csv	latex_v2:figures_src/tables/T03_measurement_reference.csv	4f3f5aa5a101ed0e66d4bfb59f7e2cfd43920292b5d629f24fd8005678089547	4f3f5aa5a101ed0e66d4bfb59f7e2cfd43920292b5d629f24fd8005678089547	no	
results/tables/T04_representation_benchmark.csv	latex_v2:figures_src/tables/T04_representation_benchmark.csv	dde1448656eb2a8688143ff1436f34c833bb42f71d80f5036f081899302ee404	dde1448656eb2a8688143ff1436f34c833bb42f71d80f5036f081899302ee404	no	
results/tables/T05_lclo_profile.csv	latex_v2:figures_src/tables/T05_lclo_profile.csv	63855a8ab706c98a4262e5ed1ab9d18c037e112f5ee00420652cabc7f21e9143	63855a8ab706c98a4262e5ed1ab9d18c037e112f5ee00420652cabc7f21e9143	no	
results/tables/T06_lso_profile.csv	latex_v2:figures_src/tables/T06_lso_profile.csv	07d666df692b823aaf257ad1656ff07ee464f3b17b3725415ae97b7c44f6cf81	07d666df692b823aaf257ad1656ff07ee464f3b17b3725415ae97b7c44f6cf81	no	
results/tables/T07_constructive_m0_m4.csv	latex_v2:figures_src/tables/T07_constructive_m0_m4.csv	12eeb714010e7842be30441e5a3309d17842efb6703d2be960491450d05f3714	12eeb714010e7842be30441e5a3309d17842efb6703d2be960491450d05f3714	no	
results/tables/T08_pdo_stress.csv	latex_v2:figures_src/tables/T08_pdo_stress.csv	857bfdf8ec80b7f450d51830446dae6d72450a71c868a9c2b274dfc24e281473	857bfdf8ec80b7f450d51830446dae6d72450a71c868a9c2b274dfc24e281473	no	
results/tables/T09_decoder_robustness.csv	latex_v2:figures_src/tables/T09_decoder_robustness.csv	3e555f4421d5933c36ab3f340465bd5156665863a3f186463c96f1eef8ca6918	3e555f4421d5933c36ab3f340465bd5156665863a3f186463c96f1eef8ca6918	no	
results/tables/T10_error_geometry.csv	latex_v2:figures_src/tables/T10_error_geometry.csv	b464e3b1448f5d5ef04a19f0d538bb468e00e7780b8dba30b0d1810a656dc600	b464e3b1448f5d5ef04a19f0d538bb468e00e7780b8dba30b0d1810a656dc600	no	
results/tables/T12_ranking_separability.csv	latex_v2:figures_src/tables/T12_ranking_separability.csv	c6e15990c1ccdd7a4fac27e8b73e4e218d547e9324b5f51c4d8406df5a5d4585	c6e15990c1ccdd7a4fac27e8b73e4e218d547e9324b5f51c4d8406df5a5d4585	no	
results/tables/T13_null_predictors.csv	latex_v2:figures_src/tables/T13_null_predictors.csv	43c1684fdc7b99bb0a4a554e549d1e35a7d13a34490f758b966b5eb5c1a30a80	43c1684fdc7b99bb0a4a554e549d1e35a7d13a34490f758b966b5eb5c1a30a80	no	
results/tables/T15_input_compatibility.csv	latex_v2:figures_src/tables/T15_input_compatibility.csv	a5a6fb799175f7c53e2686be7b7a03186ebf5615e08162c7c9bef80f92dc5409	a5a6fb799175f7c53e2686be7b7a03186ebf5615e08162c7c9bef80f92dc5409	no	
results/tables/T16_decoder_profiles.csv	latex_v2:figures_src/tables/T16_decoder_profiles.csv	575572f824817c64d075ec86ee55ecb1e0e1752e6a27076e9b468fd802a57e37	575572f824817c64d075ec86ee55ecb1e0e1752e6a27076e9b468fd802a57e37	no	
results/tables/T17_response_distributions.csv	latex_v2:figures_src/tables/T17_response_distributions.csv	242cc6359b23137038e5bb7b49fbd0f07897f01dc83b07eb32f0ed6cd671ab8b	242cc6359b23137038e5bb7b49fbd0f07897f01dc83b07eb32f0ed6cd671ab8b	no	
results/tables/T18_interaction_r2.csv	latex_v2:figures_src/tables/T18_interaction_r2.csv	627ce7ec4a61f221f088e72be7947e8490cd20f89c3125967546e423eb32227a	627ce7ec4a61f221f088e72be7947e8490cd20f89c3125967546e423eb32227a	no	
results/tables/T19_formal_method_comparison.csv	latex_v2:figures_src/tables/T19_formal_method_comparison.csv	bcb7d126609dea12ebb19d18a350b2dde7d0ea9433d978594dc52d68e87fdadd	bcb7d126609dea12ebb19d18a350b2dde7d0ea9433d978594dc52d68e87fdadd	no	
results/tables/T20_resource_sensitivity.csv	latex_v2:figures_src/tables/T20_resource_sensitivity.csv	c50dd9544f87cf873e209f055952e33c22a848551542fcd41f1d125ae7199613	c50dd9544f87cf873e209f055952e33c22a848551542fcd41f1d125ae7199613	no	
results/tables/T21_independent_utility.csv	latex_v2:figures_src/tables/T21_independent_utility.csv	5fb624d0c82f7748756a50d9be1dfe0182d25e56aeccfd9f7cb7aa0dab681edc	5fb624d0c82f7748756a50d9be1dfe0182d25e56aeccfd9f7cb7aa0dab681edc	no	
results/tables/T22_model_selection.csv	latex_v2:figures_src/tables/T22_model_selection.csv	f2a7e35e7a459c08b23b81c950d9ceb65e075b6343219cc04d085f5d4092dfca	f2a7e35e7a459c08b23b81c950d9ceb65e075b6343219cc04d085f5d4092dfca	no	
results/tables/T23_current_substrate_m3.csv	latex_v2:figures_src/tables/T23_current_substrate_m3.csv	496c2b91b0d14c5e522549e9c7aee4a2c33f701603f78d7e4dabece47bd51aa7	496c2b91b0d14c5e522549e9c7aee4a2c33f701603f78d7e4dabece47bd51aa7	no	
results/tables/T24_current_m3_pdo.csv	latex_v2:figures_src/tables/T24_current_m3_pdo.csv	394f19d3ddab65429becb794f84e72dbfb26bd40fbcf64e114d7fea672f9db6e	394f19d3ddab65429becb794f84e72dbfb26bd40fbcf64e114d7fea672f9db6e	no	
results/tables/T25_pdo_panel_counts.csv	latex_v2:figures_src/tables/T25_pdo_panel_counts.csv	56e15158543cbc6873422c9e114d7ee412ba22e57e8d1b565f5029d5054aa8cc	56e15158543cbc6873422c9e114d7ee412ba22e57e8d1b565f5029d5054aa8cc	no	
results/tables/T26_resource_decomposition.csv	latex_v2:figures_src/tables/T26_resource_decomposition.csv	10e80d511228c61d2d22d2cf5af7fc548891b9db9ff41224910336144ce9878b	10e80d511228c61d2d22d2cf5af7fc548891b9db9ff41224910336144ce9878b	no	
results/tables/TABLES.json	latex_v2:figures_src/tables/TABLES.json	7746df44ed58857237f95f688f06b5112b7f826dc419afe6985dd35b70ce7463	9a462c0306585e5b9852d6495ac4f5f1b4aaaf62e65070287cd61fd74b9cc319	yes	registry restricted to the 24 tables the manuscript reads (T11, T14 dropped)
